timestamp,timestamp_unix_milli,elapsed_s,connected_clients,total_clients,bytes_sent,bytes_received,uptime_s,lg_connected_clients,ws_rtt_avg_ms,ws_rtt_p50_ms,ws_rtt_p95_ms,ws_rtt_p99_ms,ws_rtt_max_ms,ws_jitter_ms,connection_drops,cpu_percent,memory_mb,migration_event
2026-02-22T18:31:51.83954166+01:00,1771781511839,1.000,4,4,344344,6680,8.8,4,0.325,0.317,0.453,0.502,0.708,0.050,0,0.68,6.58,0
2026-02-22T18:31:52.839541482+01:00,1771781512839,2.000,4,4,414800,8080,9.8,4,0.310,0.313,0.421,0.479,0.487,0.047,0,1.03,6.58,0
2026-02-22T18:31:53.839541552+01:00,1771781513839,3.000,4,4,486400,9480,10.8,4,0.302,0.292,0.412,0.502,0.512,0.065,0,1.00,6.58,0
2026-02-22T18:31:54.839543718+01:00,1771781514839,4.000,4,4,558000,10880,11.8,4,0.290,0.269,0.482,0.483,0.484,0.032,0,1.00,6.58,0
2026-02-22T18:31:55.839541784+01:00,1771781515839,5.000,4,4,629600,12280,12.8,4,0.284,0.269,0.377,0.460,0.492,0.036,0,2.00,6.58,0
2026-02-22T18:31:56.839541605+01:00,1771781516839,6.000,4,4,701201,13681,13.8,4,0.299,0.273,0.493,0.519,0.522,0.055,0,1.00,6.58,0
2026-02-22T18:31:57.839543752+01:00,1771781517839,7.000,4,4,772832,15112,14.8,4,0.300,0.272,0.467,0.520,0.523,0.054,0,1.00,6.58,0
2026-02-22T18:31:58.839541476+01:00,1771781518839,8.000,4,4,844472,16552,15.8,4,0.300,0.259,0.485,0.493,0.495,0.036,0,1.00,6.58,0
2026-02-22T18:31:59.839543194+01:00,1771781519839,9.000,4,4,916112,17992,16.8,4,0.287,0.260,0.367,0.497,0.568,0.036,0,1.00,6.58,0
2026-02-22T18:32:00.839541667+01:00,1771781520839,10.000,4,4,987752,19432,17.8,4,0.309,0.268,0.539,0.594,0.605,0.062,0,1.00,6.58,0
2026-02-22T18:32:01.839541639+01:00,1771781521839,11.000,4,4,1059392,20872,18.8,4,0.297,0.251,0.494,0.533,0.555,0.041,0,1.00,6.58,0
2026-02-22T18:32:02.839541679+01:00,1771781522839,12.000,4,4,1131032,22312,19.8,4,0.293,0.267,0.491,0.505,0.513,0.041,0,1.00,10.58,0
2026-02-22T18:32:03.839541565+01:00,1771781523839,13.000,4,4,1202672,23752,20.8,4,0.298,0.268,0.514,0.552,0.559,0.043,0,2.00,10.58,0
2026-02-22T18:32:04.839541645+01:00,1771781524839,14.000,4,4,1274312,25192,21.8,4,0.311,0.275,0.452,0.508,0.535,0.041,0,1.00,10.58,0
2026-02-22T18:32:05.83954161+01:00,1771781525839,15.000,4,4,1345952,26632,22.8,4,0.308,0.290,0.439,0.515,0.536,0.044,0,1.00,10.58,0
2026-02-22T18:32:06.839541787+01:00,1771781526839,16.000,4,4,1417592,28072,23.8,4,0.293,0.256,0.436,0.500,0.538,0.035,0,1.00,10.58,0
2026-02-22T18:32:07.839544285+01:00,1771781527839,17.000,4,4,1489232,29512,24.8,4,0.287,0.292,0.414,0.453,0.465,0.053,0,1.00,10.58,0
2026-02-22T18:32:08.839541767+01:00,1771781528839,18.000,4,4,1560872,30952,25.8,4,0.299,0.299,0.397,0.535,0.590,0.051,0,2.00,10.58,0
2026-02-22T18:32:09.839543435+01:00,1771781529839,19.000,4,4,1632512,32392,26.8,4,0.332,0.319,0.471,0.479,0.482,0.051,0,1.00,10.58,0
2026-02-22T18:32:10.839543582+01:00,1771781530839,20.000,4,4,1704152,33832,27.8,4,0.351,0.330,0.491,0.567,0.587,0.051,0,0.00,10.58,0
2026-02-22T18:32:11.839541771+01:00,1771781531839,21.000,4,4,1775792,35272,28.8,4,0.326,0.319,0.466,0.502,0.507,0.055,0,1.00,10.58,0
2026-02-22T18:32:12.839541877+01:00,1771781532839,22.000,4,4,1847432,36712,29.8,4,0.329,0.322,0.469,0.486,0.488,0.045,0,2.00,10.58,0
2026-02-22T18:32:13.839541719+01:00,1771781533839,23.000,4,4,1919072,38152,30.8,4,0.320,0.324,0.431,0.452,0.458,0.048,0,1.00,10.58,0
2026-02-22T18:32:14.839541675+01:00,1771781534839,24.000,4,4,1990712,39592,31.8,4,0.331,0.313,0.499,0.610,0.625,0.077,0,1.00,11.40,0
2026-02-22T18:32:15.839544741+01:00,1771781535839,25.000,4,4,2062352,41032,32.8,4,0.338,0.333,0.448,0.559,0.584,0.055,0,2.00,11.40,0
2026-02-22T18:32:16.83954482+01:00,1771781536839,26.000,4,4,2133992,42472,33.8,4,0.324,0.330,0.432,0.475,0.492,0.034,0,1.00,11.40,0
2026-02-22T18:32:17.839544058+01:00,1771781537839,27.000,4,4,2205632,43912,34.8,4,0.313,0.305,0.405,0.512,0.564,0.032,0,1.00,11.40,0
2026-02-22T18:32:18.839542353+01:00,1771781538839,28.000,4,4,2277272,45352,35.8,4,0.336,0.313,0.481,0.530,0.552,0.047,0,2.00,11.40,0
2026-02-22T18:32:19.839541591+01:00,1771781539839,29.000,4,4,2348912,46792,36.8,4,0.316,0.298,0.484,0.526,0.549,0.059,0,2.00,11.40,0
2026-02-22T18:32:20.839541943+01:00,1771781540839,30.000,4,4,2420608,48232,37.8,4,0.326,0.321,0.449,0.509,0.513,0.057,0,1.00,11.40,0
2026-02-22T18:32:21.839542541+01:00,1771781541839,31.000,4,4,2492368,49672,38.8,4,0.318,0.317,0.425,0.474,0.494,0.043,0,2.00,11.40,0
2026-02-22T18:32:22.839541716+01:00,1771781542839,32.000,4,4,2564128,51112,39.8,4,0.336,0.345,0.432,0.544,0.551,0.057,0,1.00,11.40,0
2026-02-22T18:32:23.839541731+01:00,1771781543839,33.000,4,4,2635888,52552,40.8,4,0.347,0.337,0.518,0.575,0.584,0.070,0,2.00,11.40,0
2026-02-22T18:32:24.839541522+01:00,1771781544839,34.000,4,4,2707648,53992,41.8,4,0.319,0.317,0.416,0.508,0.549,0.052,0,1.00,11.40,0
2026-02-22T18:32:25.839543194+01:00,1771781545839,35.000,4,4,2779408,55432,42.8,4,0.329,0.326,0.446,0.473,0.478,0.059,0,2.00,11.40,1
2026-02-22T18:32:26.83954186+01:00,1771781546839,36.000,0,0,0,0,0.0,4,0.358,0.342,0.483,0.508,0.515,0.076,0,0.00,0.00,0
2026-02-22T18:32:27.839540959+01:00,1771781547839,37.000,0,0,0,0,0.0,4,0.000,0.000,0.000,0.000,0.000,0.000,0,0.00,0.00,0
2026-02-22T18:32:29.839541+01:00,1771781549839,39.000,4,4,2872288,56728,46.1,4,0.000,0.000,0.000,0.000,0.000,0.000,0,2.00,11.40,0
2026-02-22T18:32:31.839544429+01:00,1771781551839,41.000,4,4,2934172,56728,47.0,4,0.000,0.000,0.000,0.000,0.000,0.000,0,3.37,11.40,0
2026-02-22T18:32:32.839541771+01:00,1771781552839,42.000,4,4,3002932,56728,48.0,4,0.000,0.000,0.000,0.000,0.000,0.000,0,1.00,11.40,0
2026-02-22T18:32:33.839541576+01:00,1771781553839,43.000,4,4,3092992,66952,49.0,4,281.891,128.733,892.636,930.322,931.644,109.244,0,2.95,11.40,0
2026-02-22T18:32:34.839543565+01:00,1771781554839,44.000,4,4,3164752,68392,50.0,4,0.501,0.502,0.626,0.651,0.661,0.070,0,2.00,11.40,0
2026-02-22T18:32:35.839541469+01:00,1771781555839,45.000,4,4,3236512,69832,51.0,4,0.543,0.559,0.635,0.643,0.648,0.053,0,4.00,11.40,0
2026-02-22T18:32:36.839542643+01:00,1771781556839,46.000,4,4,3308272,71272,52.0,4,0.523,0.520,0.655,0.664,0.666,0.064,0,3.00,11.40,0
2026-02-22T18:32:37.839541722+01:00,1771781557839,47.000,4,4,3380032,72712,53.0,4,0.531,0.524,0.612,0.634,0.641,0.056,0,3.00,11.40,0
2026-02-22T18:32:38.839547198+01:00,1771781558839,48.000,4,4,3451792,74152,54.0,4,0.529,0.540,0.641,0.664,0.678,0.041,0,1.00,11.40,0
2026-02-22T18:32:39.83954148+01:00,1771781559839,49.000,4,4,3523552,75592,55.0,4,0.545,0.542,0.654,0.664,0.667,0.031,0,3.00,11.40,0
2026-02-22T18:32:40.839541429+01:00,1771781560839,50.000,4,4,3595312,77032,56.0,4,0.526,0.543,0.664,0.666,0.667,0.064,0,2.00,11.40,0
2026-02-22T18:32:41.839541403+01:00,1771781561839,51.000,4,4,3667072,78472,57.0,4,0.531,0.526,0.652,0.664,0.669,0.053,0,3.00,11.40,0
2026-02-22T18:32:42.839541678+01:00,1771781562839,52.000,4,4,3738832,79912,58.0,4,0.551,0.569,0.658,0.663,0.666,0.046,0,3.00,11.40,0
2026-02-22T18:32:43.83954434+01:00,1771781563839,53.000,4,4,3810592,81352,59.0,4,0.527,0.533,0.612,0.632,0.643,0.043,0,4.00,11.71,0
2026-02-22T18:32:44.839541714+01:00,1771781564839,54.000,4,4,3882352,82792,60.0,4,0.521,0.543,0.588,0.593,0.596,0.041,0,3.00,11.71,0
2026-02-22T18:32:45.839541493+01:00,1771781565839,55.000,4,4,3954112,84232,61.0,4,0.562,0.569,0.640,0.651,0.657,0.040,0,2.00,11.71,0
2026-02-22T18:32:46.83954152+01:00,1771781566839,56.000,4,4,4025872,85672,62.0,4,0.496,0.512,0.599,0.604,0.606,0.048,0,2.00,11.71,0
2026-02-22T18:32:47.839541688+01:00,1771781567839,57.000,4,4,4097632,87112,63.0,4,0.515,0.538,0.608,0.609,0.609,0.074,0,2.00,11.71,0
2026-02-22T18:32:48.839541934+01:00,1771781568839,58.000,4,4,4169392,88552,64.0,4,0.537,0.548,0.631,0.645,0.648,0.056,0,3.00,11.71,0
2026-02-22T18:32:49.83954194+01:00,1771781569839,59.000,4,4,4241152,89992,65.0,4,0.507,0.508,0.583,0.682,0.742,0.057,0,3.00,11.71,0
2026-02-22T18:32:50.839541474+01:00,1771781570839,60.000,4,4,4312912,91432,66.0,4,0.516,0.524,0.585,0.588,0.589,0.044,0,3.00,11.71,0
2026-02-22T18:32:51.839544233+01:00,1771781571839,61.000,4,4,4384672,92872,67.0,4,0.512,0.523,0.569,0.591,0.592,0.043,0,1.00,11.71,0
2026-02-22T18:32:52.839541635+01:00,1771781572839,62.000,4,4,4456432,94312,68.0,4,0.498,0.502,0.614,0.649,0.652,0.073,0,2.00,11.71,0
2026-02-22T18:32:53.83954154+01:00,1771781573839,63.000,4,4,4528192,95752,69.0,4,0.533,0.539,0.626,0.647,0.655,0.036,0,3.00,11.71,0
2026-02-22T18:32:54.839541823+01:00,1771781574839,64.000,4,4,4599952,97192,70.0,4,0.503,0.531,0.569,0.572,0.573,0.049,0,2.00,11.71,0
2026-02-22T18:32:55.839541562+01:00,1771781575839,65.000,4,4,4671712,98632,71.0,4,0.527,0.533,0.628,0.639,0.641,0.071,0,2.00,11.71,0
2026-02-22T18:32:56.839541484+01:00,1771781576839,66.000,4,4,4743472,100072,72.0,4,0.516,0.520,0.615,0.628,0.632,0.054,0,3.00,11.71,0
2026-02-22T18:32:57.839545285+01:00,1771781577839,67.000,4,4,4815232,101512,73.0,4,0.535,0.543,0.613,0.630,0.639,0.036,0,1.00,11.71,0
2026-02-22T18:32:58.839543996+01:00,1771781578839,68.000,4,4,4886992,102952,74.0,4,0.504,0.504,0.584,0.618,0.635,0.065,0,3.00,11.71,0
2026-02-22T18:32:59.839541709+01:00,1771781579839,69.000,4,4,4958752,104392,75.0,4,0.479,0.478,0.605,0.621,0.623,0.065,0,3.00,11.71,0
2026-02-22T18:33:00.839544271+01:00,1771781580839,70.000,4,4,5030512,105832,76.0,4,0.529,0.544,0.604,0.651,0.674,0.058,0,3.00,11.71,1
2026-02-22T18:33:01.839541755+01:00,1771781581839,71.000,4,4,5102272,107272,77.0,4,0.502,0.514,0.592,0.647,0.665,0.072,0,3.00,11.71,0
2026-02-22T18:33:02.839541469+01:00,1771781582839,72.000,0,0,0,0,0.0,4,0.469,0.497,0.576,0.583,0.585,0.114,0,0.00,0.00,0
2026-02-22T18:33:03.839540722+01:00,1771781583839,73.000,4,4,5156593,113176,79.4,4,496.506,496.639,994.921,998.437,998.966,181.045,0,3.00,11.71,0
2026-02-22T18:33:05.8395407+01:00,1771781585839,75.000,4,4,5160604,113176,79.5,4,0.350,0.386,0.390,0.390,0.390,0.021,0,0.00,11.71,0
2026-02-22T18:33:06.839541872+01:00,1771781586839,76.000,4,4,5220031,114472,80.3,4,0.349,0.362,0.407,0.429,0.437,0.020,0,1.28,11.71,0
2026-02-22T18:33:07.83954155+01:00,1771781587839,77.000,4,4,5291791,115912,81.3,4,0.347,0.354,0.415,0.425,0.426,0.018,0,3.00,11.71,0
2026-02-22T18:33:08.839541427+01:00,1771781588839,78.000,4,4,5363551,117352,82.3,4,0.347,0.346,0.436,0.441,0.441,0.018,0,2.00,11.71,0
2026-02-22T18:33:09.839541558+01:00,1771781589839,79.000,4,4,5435311,118792,83.3,4,0.335,0.344,0.423,0.441,0.447,0.023,0,3.00,11.71,0
2026-02-22T18:33:10.839551488+01:00,1771781590839,80.000,4,4,5507071,120232,84.3,4,0.322,0.330,0.408,0.419,0.422,0.029,0,2.00,11.71,0
2026-02-22T18:33:11.839546021+01:00,1771781591839,81.000,4,4,5578831,121672,85.3,4,0.326,0.296,0.443,0.459,0.466,0.026,0,2.00,11.71,0
2026-02-22T18:33:12.83954392+01:00,1771781592839,82.000,4,4,5651164,123112,86.3,4,0.307,0.286,0.389,0.436,0.439,0.024,0,1.00,15.96,0
2026-02-22T18:33:13.839543853+01:00,1771781593839,83.000,4,4,5722351,124552,87.3,4,0.311,0.294,0.401,0.452,0.475,0.022,0,2.00,15.96,0
2026-02-22T18:33:14.839541614+01:00,1771781594839,84.000,4,4,5794111,125992,88.3,4,0.300,0.271,0.409,0.419,0.422,0.020,0,2.00,15.96,0
2026-02-22T18:33:15.83955257+01:00,1771781595839,85.000,4,4,5865871,127432,89.3,4,0.311,0.324,0.373,0.411,0.415,0.021,0,2.00,15.96,0
2026-02-22T18:33:16.839541899+01:00,1771781596839,86.000,4,4,5937631,128872,90.3,4,0.315,0.300,0.384,0.389,0.389,0.016,0,2.00,15.96,0
2026-02-22T18:33:17.839542119+01:00,1771781597839,87.000,4,4,6009391,130312,91.3,4,0.308,0.322,0.364,0.393,0.406,0.027,0,3.00,15.96,0
2026-02-22T18:33:18.839541551+01:00,1771781598839,88.000,4,4,6081151,131752,92.3,4,0.290,0.270,0.367,0.385,0.393,0.021,0,2.00,15.96,0
2026-02-22T18:33:19.839542089+01:00,1771781599839,89.000,4,4,6152911,133192,93.3,4,0.286,0.274,0.354,0.366,0.370,0.015,0,2.00,15.96,0
2026-02-22T18:33:20.83954455+01:00,1771781600839,90.000,4,4,6224671,134632,94.3,4,0.289,0.298,0.343,0.405,0.419,0.026,0,2.00,15.96,0
2026-02-22T18:33:21.839541426+01:00,1771781601839,91.000,4,4,6296431,136072,95.3,4,0.294,0.274,0.372,0.394,0.401,0.024,0,2.00,15.96,0
2026-02-22T18:33:22.839542269+01:00,1771781602839,92.000,4,4,6368191,137512,96.3,4,0.296,0.312,0.354,0.368,0.371,0.019,0,1.00,15.96,0
2026-02-22T18:33:23.839541616+01:00,1771781603839,93.000,4,4,6439951,138952,97.3,4,0.292,0.289,0.354,0.371,0.380,0.023,0,2.00,15.96,0
2026-02-22T18:33:24.839543433+01:00,1771781604839,94.000,4,4,6511711,140392,98.3,4,0.316,0.333,0.365,0.389,0.390,0.024,0,2.00,15.96,0
2026-02-22T18:33:25.839542008+01:00,1771781605839,95.000,4,4,6583471,141832,99.3,4,0.297,0.314,0.358,0.363,0.364,0.019,0,2.00,15.96,0
2026-02-22T18:33:26.839541594+01:00,1771781606839,96.000,4,4,6655232,143273,100.3,4,0.309,0.326,0.367,0.397,0.399,0.021,0,2.00,15.96,0
2026-02-22T18:33:27.839551773+01:00,1771781607839,97.000,4,4,6727023,144744,101.3,4,0.301,0.299,0.349,0.363,0.370,0.019,0,2.00,15.96,0
2026-02-22T18:33:28.839544339+01:00,1771781608839,98.000,4,4,6798823,146224,102.3,4,0.317,0.328,0.394,0.433,0.444,0.021,0,2.00,15.96,0
2026-02-22T18:33:29.839541527+01:00,1771781609839,99.000,4,4,6870050,147704,103.3,4,0.325,0.340,0.400,0.485,0.486,0.024,0,2.00,15.96,0
2026-02-22T18:33:30.83954144+01:00,1771781610839,100.000,4,4,6942423,149184,104.3,4,0.328,0.338,0.398,0.455,0.488,0.030,0,2.00,15.96,0
2026-02-22T18:33:31.839543833+01:00,1771781611839,101.000,4,4,7014223,150664,105.3,4,0.324,0.331,0.395,0.424,0.430,0.023,0,3.00,15.96,0
2026-02-22T18:33:32.839542077+01:00,1771781612839,102.000,4,4,7086023,152144,106.3,4,0.298,0.302,0.363,0.405,0.427,0.019,0,2.00,15.96,0
2026-02-22T18:33:33.839541511+01:00,1771781613839,103.000,4,4,7157823,153624,107.3,4,0.299,0.302,0.351,0.370,0.380,0.018,0,2.00,15.96,0
2026-02-22T18:33:34.839544314+01:00,1771781614839,104.000,4,4,7229623,155104,108.3,4,0.315,0.314,0.391,0.417,0.420,0.020,0,2.00,15.96,0
2026-02-22T18:33:35.839541627+01:00,1771781615839,105.000,4,4,7300850,156584,109.3,4,0.309,0.306,0.373,0.404,0.417,0.021,0,2.00,15.96,0
2026-02-22T18:33:36.839541648+01:00,1771781616839,106.000,4,4,7373223,158064,110.3,4,0.304,0.285,0.383,0.397,0.397,0.022,0,2.00,15.96,1
2026-02-22T18:33:37.839541661+01:00,1771781617839,107.000,4,4,7431809,159544,111.3,4,0.309,0.303,0.387,0.409,0.415,0.026,0,2.00,15.96,0
2026-02-22T18:33:38.839542062+01:00,1771781618839,108.000,0,0,0,0,0.0,4,0.000,0.000,0.000,0.000,0.000,0.000,0,0.00,0.00,0
2026-02-22T18:33:39.839540665+01:00,1771781619839,109.000,4,4,7491189,165464,113.7,4,311.501,217.262,913.901,918.830,919.272,122.205,0,2.00,16.21,0
2026-02-22T18:33:41.83954092+01:00,1771781621839,111.000,4,4,7495504,165612,113.8,4,0.000,0.000,0.000,0.000,0.000,0.000,0,0.00,16.21,0
2026-02-22T18:33:42.839541591+01:00,1771781622839,112.000,4,4,7556113,166944,114.6,4,0.545,0.556,0.604,0.620,0.624,0.052,0,3.68,16.21,0
2026-02-22T18:33:43.839547703+01:00,1771781623839,113.000,4,4,7627913,168424,115.6,4,0.550,0.562,0.634,0.645,0.650,0.049,0,3.00,16.21,0
2026-02-22T18:33:44.839543729+01:00,1771781624839,114.000,4,4,7699713,169904,116.6,4,0.561,0.576,0.624,0.626,0.627,0.046,0,3.00,16.21,0
2026-02-22T18:33:45.839542021+01:00,1771781625839,115.000,4,4,7771513,171384,117.6,4,0.567,0.574,0.651,0.659,0.663,0.048,0,3.00,16.21,0
2026-02-22T18:33:46.839541582+01:00,1771781626839,116.000,4,4,7843313,172864,118.6,4,0.586,0.596,0.652,0.661,0.663,0.060,0,4.00,16.21,0
2026-02-22T18:33:47.839543913+01:00,1771781627839,117.000,4,4,7915113,174344,119.6,4,0.576,0.587,0.664,0.679,0.684,0.037,0,3.00,16.21,0
2026-02-22T18:33:48.839545842+01:00,1771781628839,118.000,4,4,7986913,175824,120.6,4,0.567,0.604,0.640,0.642,0.642,0.037,0,3.00,16.21,0
2026-02-22T18:33:49.839541658+01:00,1771781629839,119.000,4,4,8058713,177304,121.6,4,0.619,0.602,0.765,0.779,0.784,0.035,0,3.00,16.21,0
2026-02-22T18:33:50.839543792+01:00,1771781630839,120.000,4,4,8130513,178784,122.6,4,0.618,0.599,0.786,0.798,0.799,0.040,0,3.00,16.21,0
2026-02-22T18:33:51.839541629+01:00,1771781631839,121.000,4,4,8202313,180264,123.6,4,0.603,0.594,0.772,0.786,0.790,0.042,0,3.00,16.21,0
2026-02-22T18:33:52.839541537+01:00,1771781632839,122.000,4,4,8274113,181744,124.6,4,0.601,0.591,0.772,0.784,0.791,0.032,0,3.00,16.21,0
2026-02-22T18:33:53.839541522+01:00,1771781633839,123.000,4,4,8345913,183224,125.6,4,0.579,0.590,0.771,0.773,0.774,0.031,0,3.00,16.21,0
2026-02-22T18:33:54.839541684+01:00,1771781634839,124.000,4,4,8417713,184704,126.6,4,0.600,0.590,0.771,0.794,0.798,0.039,0,3.00,16.21,0
2026-02-22T18:33:55.839541489+01:00,1771781635839,125.000,4,4,8489513,186184,127.6,4,0.611,0.585,0.780,0.786,0.786,0.039,0,3.00,16.21,0
2026-02-22T18:33:56.83954155+01:00,1771781636839,126.000,4,4,8561313,187664,128.6,4,0.570,0.586,0.772,0.802,0.813,0.035,0,2.00,16.21,0
2026-02-22T18:33:57.839543631+01:00,1771781637839,127.000,4,4,8633113,189144,129.6,4,0.575,0.574,0.770,0.778,0.783,0.045,0,3.00,16.21,0
2026-02-22T18:33:58.839541646+01:00,1771781638839,128.000,4,4,8704913,190624,130.6,4,0.559,0.530,0.753,0.783,0.795,0.048,0,4.00,16.21,0
2026-02-22T18:33:59.839541961+01:00,1771781639839,129.000,4,4,8776713,192104,131.6,4,0.569,0.562,0.767,0.771,0.771,0.040,0,3.00,16.21,0
2026-02-22T18:34:00.839541477+01:00,1771781640839,130.000,4,4,8848513,193584,132.6,4,0.577,0.569,0.757,0.798,0.801,0.043,0,3.00,16.21,0
2026-02-22T18:34:01.839544916+01:00,1771781641839,131.000,4,4,8920313,195064,133.6,4,0.549,0.526,0.764,0.767,0.768,0.036,0,2.00,16.21,0
2026-02-22T18:34:02.839541741+01:00,1771781642839,132.000,4,4,8992113,196544,134.6,4,0.584,0.581,0.769,0.775,0.777,0.042,0,4.00,16.21,0
2026-02-22T18:34:03.839541612+01:00,1771781643839,133.000,4,4,9063913,198024,135.6,4,0.553,0.559,0.624,0.625,0.625,0.031,0,3.00,16.21,0
2026-02-22T18:34:04.839541763+01:00,1771781644839,134.000,4,4,9135713,199504,136.6,4,0.568,0.572,0.766,0.779,0.781,0.038,0,3.00,16.21,0
2026-02-22T18:34:05.839543477+01:00,1771781645839,135.000,4,4,9207513,200984,137.6,4,0.599,0.588,0.765,0.792,0.805,0.040,0,3.00,16.21,0
2026-02-22T18:34:06.839541808+01:00,1771781646839,136.000,4,4,9279313,202464,138.6,4,0.576,0.576,0.764,0.785,0.793,0.042,0,2.00,16.21,0
2026-02-22T18:34:07.83954166+01:00,1771781647839,137.000,4,4,9351113,203944,139.6,4,0.599,0.597,0.771,1.034,1.200,0.085,0,5.00,16.21,0
2026-02-22T18:34:08.839541686+01:00,1771781648839,138.000,4,4,9422913,205424,140.6,4,0.579,0.556,0.758,0.772,0.773,0.041,0,3.00,16.21,0
2026-02-22T18:34:09.839541539+01:00,1771781649839,139.000,4,4,9494713,206904,141.6,4,0.539,0.554,0.624,0.626,0.628,0.046,0,4.00,16.21,0
2026-02-22T18:34:10.839541751+01:00,1771781650839,140.000,4,4,9566513,208384,142.6,4,0.538,0.554,0.619,0.628,0.630,0.039,0,2.00,16.21,0
2026-02-22T18:34:11.839541747+01:00,1771781651839,141.000,4,4,9638313,209864,143.6,4,0.556,0.569,0.634,0.654,0.663,0.049,0,3.00,16.21,0
2026-02-22T18:34:12.839541637+01:00,1771781652839,142.000,4,4,9710113,211344,144.6,4,0.554,0.568,0.648,0.652,0.654,0.048,0,2.00,16.21,1
2026-02-22T18:34:13.839541565+01:00,1771781653839,143.000,0,0,0,0,0.0,4,0.532,0.562,0.610,0.612,0.613,0.059,0,0.00,0.00,0
2026-02-22T18:34:14.839540807+01:00,1771781654839,144.000,4,4,9763665,212676,147.0,4,0.000,0.000,0.000,0.000,0.000,0.000,0,2.00,16.21,0
2026-02-22T18:34:16.839540882+01:00,1771781656839,146.000,4,4,9768249,212676,147.1,4,0.000,0.000,0.000,0.000,0.000,0.000,0,0.00,16.21,0
2026-02-22T18:34:17.839544106+01:00,1771781657839,147.000,4,4,9838013,218744,147.9,4,270.772,98.217,900.345,997.671,999.127,102.711,0,2.48,16.21,0
2026-02-22T18:34:18.839541817+01:00,1771781658839,148.000,4,4,9909813,220224,148.9,4,0.386,0.392,0.455,0.466,0.468,0.027,0,2.00,16.21,0
2026-02-22T18:34:19.839542425+01:00,1771781659839,149.000,4,4,9981613,221704,149.9,4,0.396,0.399,0.472,0.485,0.491,0.024,0,2.00,16.21,0
2026-02-22T18:34:20.839543217+01:00,1771781660839,150.000,4,4,10053413,223184,150.9,4,0.386,0.396,0.435,0.458,0.461,0.023,0,2.00,16.21,0
2026-02-22T18:34:21.839541947+01:00,1771781661839,151.000,4,4,10125213,224664,151.9,4,0.373,0.369,0.475,0.501,0.512,0.036,0,2.00,16.21,0
2026-02-22T18:34:22.839542047+01:00,1771781662839,152.000,4,4,10197013,226144,152.9,4,0.365,0.359,0.468,0.479,0.479,0.044,0,3.00,16.21,0
2026-02-22T18:34:23.839546045+01:00,1771781663839,153.000,4,4,10268813,227624,153.9,4,0.359,0.360,0.448,0.460,0.462,0.034,0,1.00,16.21,0
2026-02-22T18:34:24.839541603+01:00,1771781664839,154.000,4,4,10340613,229104,154.9,4,0.401,0.408,0.475,0.522,0.549,0.032,0,2.00,16.21,0
2026-02-22T18:34:25.839541598+01:00,1771781665839,155.000,4,4,10412413,230584,155.9,4,0.399,0.408,0.464,0.492,0.502,0.030,0,2.00,16.21,0
2026-02-22T18:34:26.839544656+01:00,1771781666839,156.000,4,4,10484213,232064,156.9,4,0.402,0.405,0.471,0.493,0.505,0.027,0,2.00,16.21,0
2026-02-22T18:34:27.839541459+01:00,1771781667839,157.000,4,4,10556013,233544,157.9,4,0.387,0.378,0.478,0.483,0.485,0.033,0,3.00,16.21,0
2026-02-22T18:34:28.839541571+01:00,1771781668839,158.000,4,4,10627813,235024,158.9,4,0.389,0.400,0.462,0.490,0.495,0.039,0,2.00,16.21,0
2026-02-22T18:34:29.839543162+01:00,1771781669839,159.000,4,4,10699613,236504,159.9,4,0.386,0.392,0.444,0.447,0.448,0.032,0,2.00,16.21,0
2026-02-22T18:34:30.839541477+01:00,1771781670839,160.000,4,4,10771413,237984,160.9,4,0.404,0.415,0.474,0.543,0.564,0.031,0,1.00,16.21,0
2026-02-22T18:34:31.839544415+01:00,1771781671839,161.000,4,4,10843213,239464,161.9,4,0.413,0.405,0.478,0.517,0.531,0.032,0,2.00,16.21,0
2026-02-22T18:34:32.839543248+01:00,1771781672839,162.000,4,4,10915013,240944,162.9,4,0.384,0.386,0.420,0.422,0.422,0.019,0,1.00,16.21,0
2026-02-22T18:34:33.83954445+01:00,1771781673839,163.000,4,4,10986813,242424,163.9,4,0.350,0.341,0.437,0.462,0.478,0.029,0,3.00,16.21,0
2026-02-22T18:34:34.839541621+01:00,1771781674839,164.000,4,4,11058613,243904,164.9,4,0.337,0.334,0.405,0.432,0.440,0.031,0,1.00,16.21,0
2026-02-22T18:34:35.839543342+01:00,1771781675839,165.000,4,4,11130413,245384,165.9,4,0.331,0.317,0.427,0.467,0.485,0.028,0,2.00,16.21,0
2026-02-22T18:34:36.839543783+01:00,1771781676839,166.000,4,4,11202213,246864,166.9,4,0.342,0.339,0.438,0.618,0.731,0.040,0,2.00,16.21,0
2026-02-22T18:34:37.839541442+01:00,1771781677839,167.000,4,4,11274013,248344,167.9,4,0.325,0.336,0.373,0.388,0.391,0.019,0,2.00,16.21,0
2026-02-22T18:34:38.839542337+01:00,1771781678839,168.000,4,4,11345813,249824,168.9,4,0.322,0.328,0.378,0.404,0.418,0.022,0,2.00,16.21,0
2026-02-22T18:34:39.839543231+01:00,1771781679839,169.000,4,4,11417613,251304,169.9,4,0.318,0.337,0.372,0.384,0.389,0.021,0,2.00,16.21,0
2026-02-22T18:34:40.839541495+01:00,1771781680839,170.000,4,4,11489413,252784,170.9,4,0.342,0.342,0.400,0.443,0.453,0.026,0,1.00,16.21,0
2026-02-22T18:34:41.839541651+01:00,1771781681839,171.000,4,4,11561213,254264,171.9,4,0.352,0.344,0.433,0.443,0.446,0.028,0,2.00,16.21,0
2026-02-22T18:34:42.839541506+01:00,1771781682839,172.000,4,4,11633013,255744,172.9,4,0.363,0.354,0.430,0.437,0.439,0.027,0,1.00,16.21,0
2026-02-22T18:34:43.839549041+01:00,1771781683839,173.000,4,4,11704813,257224,173.9,4,0.376,0.377,0.424,0.435,0.437,0.021,0,1.00,16.21,0
2026-02-22T18:34:44.839544062+01:00,1771781684839,174.000,4,4,11776613,258704,174.9,4,0.366,0.371,0.437,0.480,0.501,0.029,0,2.00,16.21,0
2026-02-22T18:34:45.839541619+01:00,1771781685839,175.000,4,4,11848413,260184,175.9,4,0.347,0.343,0.404,0.411,0.412,0.030,0,2.00,16.21,0
2026-02-22T18:34:46.839543837+01:00,1771781686839,176.000,4,4,11920213,261664,176.9,4,0.359,0.362,0.426,0.445,0.450,0.029,0,1.00,16.21,0
2026-02-22T18:34:47.839541459+01:00,1771781687839,177.000,4,4,11992013,263144,177.9,4,0.333,0.340,0.379,0.402,0.404,0.025,0,2.00,16.21,1
2026-02-22T18:34:48.839541411+01:00,1771781688839,178.000,4,4,12054037,264624,178.9,4,0.341,0.338,0.412,0.426,0.432,0.025,0,2.00,16.21,0
2026-02-22T18:34:49.839541347+01:00,1771781689839,179.000,0,0,0,0,0.0,4,0.000,0.000,0.000,0.000,0.000,0.000,0,0.00,0.00,0
2026-02-22T18:34:50.839540796+01:00,1771781690839,180.000,4,4,12108833,270544,181.3,4,362.239,293.631,989.651,994.645,995.955,132.360,0,2.00,16.21,0
2026-02-22T18:34:52.839541075+01:00,1771781692839,182.000,4,4,12111429,270692,181.4,4,0.571,0.571,0.627,0.635,0.636,0.057,0,0.00,16.21,0
2026-02-22T18:34:53.839541993+01:00,1771781693839,183.000,4,4,12176049,272024,182.3,4,0.577,0.567,0.687,0.727,0.741,0.027,0,2.58,16.21,0
2026-02-22T18:34:54.839541508+01:00,1771781694839,184.000,4,4,12247849,273504,183.3,4,0.623,0.578,0.758,0.780,0.785,0.036,0,3.00,16.21,0
2026-02-22T18:34:55.839542002+01:00,1771781695839,185.000,4,4,12319649,274984,184.3,4,0.574,0.576,0.659,0.726,0.744,0.054,0,3.00,16.21,0
2026-02-22T18:34:56.83954451+01:00,1771781696839,186.000,4,4,12391449,276464,185.3,4,0.582,0.549,0.731,0.744,0.745,0.040,0,3.00,16.21,0
2026-02-22T18:34:57.839541711+01:00,1771781697839,187.000,4,4,12463249,277944,186.3,4,0.620,0.600,0.758,0.770,0.773,0.045,0,4.00,16.21,0
2026-02-22T18:34:58.839541432+01:00,1771781698839,188.000,4,4,12535049,279424,187.3,4,0.589,0.586,0.748,0.771,0.782,0.045,0,3.00,16.21,0
2026-02-22T18:34:59.839541662+01:00,1771781699839,189.000,4,4,12606849,280904,188.3,4,0.600,0.613,0.746,0.776,0.788,0.040,0,4.00,16.21,0
2026-02-22T18:35:00.839541607+01:00,1771781700839,190.000,4,4,12678649,282384,189.3,4,0.591,0.607,0.770,0.798,0.803,0.044,0,3.00,16.21,0
2026-02-22T18:35:01.839541804+01:00,1771781701839,191.000,4,4,12750449,283864,190.3,4,0.594,0.598,0.790,0.807,0.808,0.037,0,3.00,16.21,0
2026-02-22T18:35:02.839541704+01:00,1771781702839,192.000,4,4,12822249,285344,191.3,4,0.615,0.597,0.810,0.867,0.900,0.063,0,3.00,16.21,0
2026-02-22T18:35:03.839541636+01:00,1771781703839,193.000,4,4,12894049,286824,192.3,4,0.585,0.564,0.780,0.823,0.833,0.044,0,3.00,16.21,0
2026-02-22T18:35:04.839541535+01:00,1771781704839,194.000,4,4,12965849,288304,193.3,4,0.619,0.633,0.808,0.819,0.825,0.048,0,2.00,16.21,0
2026-02-22T18:35:05.839543366+01:00,1771781705839,195.000,4,4,13037649,289784,194.3,4,0.588,0.561,0.815,0.826,0.830,0.036,0,4.00,16.21,0
2026-02-22T18:35:06.839541699+01:00,1771781706839,196.000,4,4,13109449,291264,195.3,4,0.595,0.596,0.794,0.810,0.812,0.047,0,4.00,16.21,0
2026-02-22T18:35:07.839541786+01:00,1771781707839,197.000,4,4,13181249,292744,196.3,4,0.599,0.562,0.779,0.786,0.787,0.043,0,3.00,16.21,0
2026-02-22T18:35:08.839541517+01:00,1771781708839,198.000,4,4,13253049,294224,197.3,4,0.613,0.580,0.794,0.804,0.804,0.042,0,2.00,16.21,0
2026-02-22T18:35:09.839541551+01:00,1771781709839,199.000,4,4,13324849,295704,198.3,4,0.596,0.580,0.797,0.799,0.801,0.045,0,4.00,16.21,0
2026-02-22T18:35:10.839541527+01:00,1771781710839,200.000,4,4,13396649,297184,199.3,4,0.590,0.587,0.772,0.778,0.780,0.043,0,3.00,16.21,0
2026-02-22T18:35:11.839549473+01:00,1771781711839,201.000,4,4,13468449,298664,200.3,4,0.562,0.549,0.731,0.792,0.800,0.043,0,4.00,16.21,0
2026-02-22T18:35:12.839541669+01:00,1771781712839,202.000,4,4,13540249,300144,201.3,4,0.620,0.607,0.801,0.809,0.810,0.036,0,3.00,16.21,0
2026-02-22T18:35:13.83954147+01:00,1771781713839,203.000,4,4,13612049,301624,202.3,4,0.564,0.559,0.651,0.686,0.687,0.042,0,2.00,16.21,0
2026-02-22T18:35:14.839541467+01:00,1771781714839,204.000,4,4,13683849,303104,203.3,4,0.624,0.595,0.767,0.788,0.799,0.037,0,4.00,16.21,0
2026-02-22T18:35:15.839541584+01:00,1771781715839,205.000,4,4,13755649,304584,204.3,4,0.611,0.587,0.804,0.821,0.830,0.054,0,4.00,16.21,0
2026-02-22T18:35:16.839541716+01:00,1771781716839,206.000,4,4,13827449,306064,205.3,4,0.578,0.589,0.652,0.662,0.664,0.035,0,1.00,16.21,0
2026-02-22T18:35:17.83954171+01:00,1771781717839,207.000,4,4,13899249,307544,206.3,4,0.623,0.610,0.771,0.781,0.785,0.037,0,3.00,16.21,0
2026-02-22T18:35:18.839541381+01:00,1771781718839,208.000,4,4,13971049,309024,207.3,4,0.585,0.607,0.768,0.781,0.782,0.042,0,2.00,16.21,0
2026-02-22T18:35:19.839543368+01:00,1771781719839,209.000,4,4,14042849,310504,208.3,4,0.593,0.611,0.759,0.787,0.789,0.045,0,2.00,16.21,0
2026-02-22T18:35:20.839541459+01:00,1771781720839,210.000,4,4,14114649,311984,209.3,4,0.604,0.587,0.766,0.776,0.780,0.041,0,5.00,16.21,0
2026-02-22T18:35:21.839543207+01:00,1771781721839,211.000,4,4,14186449,313464,210.3,4,0.571,0.579,0.633,0.667,0.669,0.041,0,2.00,16.21,0
2026-02-22T18:35:22.839541506+01:00,1771781722839,212.000,4,4,14258249,314944,211.3,4,0.583,0.557,0.743,0.752,0.755,0.028,0,3.00,16.21,0
2026-02-22T18:35:23.839541427+01:00,1771781723839,213.000,4,4,14330049,316424,212.3,4,0.600,0.576,0.760,0.782,0.791,0.040,0,3.00,16.21,1
2026-02-22T18:35:24.839541519+01:00,1771781724839,214.000,0,0,0,0,0.0,4,0.610,0.573,0.772,0.773,0.773,0.085,0,0.00,0.00,0
2026-02-22T18:35:25.839540743+01:00,1771781725839,215.000,4,4,14397429,317904,215.0,4,0.000,0.000,0.000,0.000,0.000,0.000,0,1.30,16.21,0
2026-02-22T18:35:27.839540888+01:00,1771781727839,217.000,4,4,14402013,317904,215.1,4,0.000,0.000,0.000,0.000,0.000,0.000,0,0.00,16.21,0
2026-02-22T18:35:28.839544926+01:00,1771781728839,218.000,4,4,14473765,323824,215.9,4,267.500,104.843,868.234,906.187,906.433,106.364,0,2.28,16.21,0
2026-02-22T18:35:29.839542357+01:00,1771781729839,219.000,4,4,14545565,325304,216.9,4,0.393,0.376,0.519,0.528,0.529,0.030,0,2.00,16.21,0
2026-02-22T18:35:30.839541511+01:00,1771781730839,220.000,4,4,14617365,326784,217.9,4,0.377,0.361,0.477,0.526,0.537,0.026,0,2.00,16.21,0
2026-02-22T18:35:31.839544502+01:00,1771781731839,221.000,4,4,14689165,328264,218.9,4,0.391,0.375,0.525,0.556,0.556,0.027,0,2.00,16.21,0
2026-02-22T18:35:32.839541484+01:00,1771781732839,222.000,4,4,14760965,329744,219.9,4,0.389,0.374,0.495,0.514,0.515,0.023,0,3.00,16.21,0
2026-02-22T18:35:33.839541593+01:00,1771781733839,223.000,4,4,14832765,331224,220.9,4,0.383,0.357,0.476,0.987,1.307,0.069,0,1.00,16.21,0
2026-02-22T18:35:34.8395432+01:00,1771781734839,224.000,4,4,14904565,332704,221.9,4,0.352,0.359,0.444,0.453,0.456,0.032,0,2.00,16.21,0
2026-02-22T18:35:35.839541533+01:00,1771781735839,225.000,4,4,14976365,334184,222.9,4,0.361,0.372,0.451,0.469,0.478,0.026,0,2.00,16.21,0
2026-02-22T18:35:36.839541604+01:00,1771781736839,226.000,4,4,15048165,335664,223.9,4,0.374,0.365,0.438,0.443,0.444,0.019,0,2.00,16.21,0
2026-02-22T18:35:37.839542163+01:00,1771781737839,227.000,4,4,15119965,337144,224.9,4,0.362,0.354,0.418,0.428,0.430,0.020,0,2.00,16.21,0
2026-02-22T18:35:38.839541617+01:00,1771781738839,228.000,4,4,15191765,338624,225.9,4,0.340,0.342,0.382,0.415,0.427,0.029,0,1.00,16.21,0
2026-02-22T18:35:39.839541629+01:00,1771781739839,229.000,4,4,15263565,340104,226.9,4,0.339,0.340,0.368,0.400,0.410,0.020,0,2.00,16.21,0
2026-02-22T18:35:40.839541627+01:00,1771781740839,230.000,4,4,15335365,341584,227.9,4,0.346,0.338,0.393,0.405,0.410,0.022,0,2.00,16.21,0
2026-02-22T18:35:41.839541745+01:00,1771781741839,231.000,4,4,15407165,343064,228.9,4,0.334,0.327,0.413,0.525,0.596,0.045,0,1.00,16.21,0
2026-02-22T18:35:42.83954161+01:00,1771781742839,232.000,4,4,15478965,344544,229.9,4,0.340,0.345,0.397,0.417,0.428,0.029,0,2.00,16.21,0
2026-02-22T18:35:43.839544222+01:00,1771781743839,233.000,4,4,15550765,346024,230.9,4,0.302,0.313,0.376,0.391,0.399,0.030,0,3.00,16.21,0
2026-02-22T18:35:44.839541492+01:00,1771781744839,234.000,4,4,15622565,347504,231.9,4,0.376,0.388,0.436,0.441,0.444,0.027,0,1.00,16.21,0
2026-02-22T18:35:45.839541585+01:00,1771781745839,235.000,4,4,15694365,348984,232.9,4,0.371,0.386,0.438,0.459,0.464,0.031,0,2.00,16.21,0
2026-02-22T18:35:46.83954159+01:00,1771781746839,236.000,4,4,15766165,350464,233.9,4,0.353,0.362,0.441,0.483,0.499,0.032,0,1.00,16.21,0
2026-02-22T18:35:47.83954154+01:00,1771781747839,237.000,4,4,15837965,351944,234.9,4,0.366,0.371,0.429,0.446,0.448,0.034,0,2.00,16.21,0
2026-02-22T18:35:48.839541715+01:00,1771781748839,238.000,4,4,15909765,353424,235.9,4,0.373,0.375,0.428,0.446,0.454,0.030,0,2.00,16.21,0
2026-02-22T18:35:49.839541807+01:00,1771781749839,239.000,4,4,15981565,354904,236.9,4,0.374,0.368,0.427,0.432,0.433,0.028,0,2.00,16.21,0
2026-02-22T18:35:50.839541907+01:00,1771781750839,240.000,4,4,16053365,356384,237.9,4,0.394,0.401,0.450,0.465,0.472,0.021,0,2.00,16.21,0
2026-02-22T18:35:51.839541535+01:00,1771781751839,241.000,4,4,16125165,357864,238.9,4,0.416,0.416,0.442,0.461,0.473,0.017,0,2.00,16.21,0
2026-02-22T18:35:52.839541603+01:00,1771781752839,242.000,4,4,16196965,359344,239.9,4,0.401,0.417,0.450,0.458,0.458,0.016,0,1.00,16.21,0
2026-02-22T18:35:53.839541542+01:00,1771781753839,243.000,4,4,16268765,360824,240.9,4,0.390,0.408,0.446,0.463,0.473,0.035,0,2.00,16.21,0
2026-02-22T18:35:54.839541507+01:00,1771781754839,244.000,4,4,16340565,362304,241.9,4,0.399,0.413,0.445,0.450,0.452,0.027,0,2.00,16.21,0
2026-02-22T18:35:55.839541553+01:00,1771781755839,245.000,4,4,16412365,363784,242.9,4,0.391,0.400,0.440,0.451,0.455,0.026,0,1.00,16.21,0
2026-02-22T18:35:56.839544097+01:00,1771781756839,246.000,4,4,16484165,365264,243.9,4,0.409,0.411,0.449,0.488,0.507,0.022,0,2.00,16.21,0
2026-02-22T18:35:57.839544068+01:00,1771781757839,247.000,4,4,16555965,366744,244.9,4,0.408,0.413,0.457,0.523,0.557,0.030,0,2.00,16.21,0
2026-02-22T18:35:58.839543465+01:00,1771781758839,248.000,4,4,16627765,368224,245.9,4,0.385,0.390,0.445,0.459,0.462,0.027,0,2.00,16.21,1
2026-02-22T18:35:59.83954156+01:00,1771781759839,249.000,4,4,16678025,369704,246.9,4,0.408,0.407,0.466,0.481,0.485,0.033,0,3.00,16.21,0
2026-02-22T18:36:00.839541647+01:00,1771781760839,250.000,0,0,0,0,0.0,4,0.000,0.000,0.000,0.000,0.000,0.000,0,0.00,0.00,0
2026-02-22T18:36:01.839540591+01:00,1771781761839,251.000,4,4,16740305,375772,249.4,4,284.102,154.337,886.476,906.197,906.926,112.992,0,3.00,16.21,0
2026-02-22T18:36:03.839540697+01:00,1771781763839,253.000,4,4,16744889,375772,249.4,4,0.000,0.000,0.000,0.000,0.000,0.000,0,0.00,16.21,0
2026-02-22T18:36:04.839542177+01:00,1771781764839,254.000,4,4,16804925,377104,250.3,4,0.658,0.678,0.840,0.909,0.926,0.060,0,2.50,16.21,0
2026-02-22T18:36:05.83954373+01:00,1771781765839,255.000,4,4,16876725,378584,251.3,4,0.669,0.670,0.883,0.892,0.895,0.037,0,4.00,16.21,0
2026-02-22T18:36:06.839541746+01:00,1771781766839,256.000,4,4,16948525,380064,252.3,4,0.648,0.639,0.911,0.920,0.924,0.044,0,3.00,16.21,0
2026-02-22T18:36:07.839541634+01:00,1771781767839,257.000,4,4,17020325,381544,253.3,4,0.639,0.594,0.889,1.055,1.153,0.047,0,3.00,16.21,0
2026-02-22T18:36:08.83954351+01:00,1771781768839,258.000,4,4,17092125,383024,254.3,4,0.653,0.662,0.853,0.863,0.868,0.056,0,2.00,16.21,0
2026-02-22T18:36:09.839541867+01:00,1771781769839,259.000,4,4,17163925,384504,255.3,4,0.641,0.609,0.853,0.874,0.885,0.030,0,2.00,16.21,0
2026-02-22T18:36:10.839541449+01:00,1771781770839,260.000,4,4,17235725,385984,256.3,4,0.642,0.627,0.843,0.848,0.849,0.034,0,4.00,16.21,0
2026-02-22T18:36:11.839541688+01:00,1771781771839,261.000,4,4,17307525,387464,257.3,4,0.638,0.629,0.817,0.841,0.850,0.045,0,2.00,16.21,0
2026-02-22T18:36:12.839541659+01:00,1771781772839,262.000,4,4,17379325,388944,258.3,4,0.617,0.605,0.833,0.841,0.845,0.039,0,3.00,16.21,0
2026-02-22T18:36:13.839541453+01:00,1771781773839,263.000,4,4,17451125,390424,259.3,4,0.646,0.654,0.815,0.819,0.821,0.035,0,3.00,16.21,0
2026-02-22T18:36:14.839551787+01:00,1771781774839,264.000,4,4,17522925,391904,260.3,4,0.625,0.654,0.764,0.815,0.830,0.038,0,3.00,16.21,0
2026-02-22T18:36:15.839543405+01:00,1771781775839,265.000,4,4,17594725,393384,261.3,4,0.657,0.632,0.826,0.843,0.844,0.033,0,4.00,16.21,0
2026-02-22T18:36:16.839551917+01:00,1771781776839,266.000,4,4,17666525,394864,262.3,4,0.640,0.652,0.803,0.807,0.809,0.033,0,4.00,16.21,0
2026-02-22T18:36:17.839552531+01:00,1771781777839,267.000,4,4,17738325,396344,263.3,4,0.625,0.594,0.819,0.826,0.826,0.046,0,4.00,16.21,0
2026-02-22T18:36:18.839544617+01:00,1771781778839,268.000,4,4,17810125,397824,264.3,4,0.610,0.600,0.774,0.808,0.826,0.045,0,2.00,16.21,0
2026-02-22T18:36:19.839543841+01:00,1771781779839,269.000,4,4,17881925,399304,265.3,4,0.658,0.687,0.807,0.826,0.828,0.035,0,3.00,16.21,0
2026-02-22T18:36:20.839541505+01:00,1771781780839,270.000,4,4,17953725,400784,266.3,4,0.655,0.677,0.825,0.833,0.837,0.051,0,2.00,16.21,0
2026-02-22T18:36:21.839541551+01:00,1771781781839,271.000,4,4,18025525,402264,267.3,4,0.681,0.680,0.837,0.846,0.851,0.032,0,2.00,16.21,0
2026-02-22T18:36:22.83954166+01:00,1771781782839,272.000,4,4,18097325,403744,268.3,4,0.689,0.727,0.835,0.864,0.871,0.035,0,3.00,16.21,0
2026-02-22T18:36:23.839541782+01:00,1771781783839,273.000,4,4,18169125,405224,269.3,4,0.677,0.689,0.822,0.846,0.850,0.040,0,3.00,16.21,0
2026-02-22T18:36:24.839543337+01:00,1771781784839,274.000,4,4,18240925,406704,270.3,4,0.698,0.719,0.842,0.856,0.859,0.037,0,2.00,16.21,0
2026-02-22T18:36:25.839541525+01:00,1771781785839,275.000,4,4,18312725,408184,271.3,4,0.664,0.678,0.833,0.843,0.845,0.035,0,4.00,16.21,0
2026-02-22T18:36:26.83954312+01:00,1771781786839,276.000,4,4,18384525,409664,272.3,4,0.664,0.674,0.827,0.847,0.849,0.040,0,2.00,16.21,0
2026-02-22T18:36:27.839541403+01:00,1771781787839,277.000,4,4,18456325,411144,273.3,4,0.641,0.656,0.843,0.863,0.867,0.044,0,3.00,16.21,0
2026-02-22T18:36:28.839541481+01:00,1771781788839,278.000,4,4,18528125,412624,274.3,4,0.627,0.668,0.775,0.825,0.828,0.047,0,3.00,16.21,0
2026-02-22T18:36:29.839542191+01:00,1771781789839,279.000,4,4,18599925,414104,275.3,4,0.674,0.689,0.834,0.872,0.884,0.037,0,4.00,16.21,0
2026-02-22T18:36:30.839541611+01:00,1771781790839,280.000,4,4,18671725,415584,276.3,4,0.660,0.670,0.864,0.868,0.869,0.035,0,3.00,16.21,0
2026-02-22T18:36:31.839541594+01:00,1771781791839,281.000,4,4,18743525,417064,277.3,4,0.659,0.679,0.819,0.837,0.849,0.040,0,3.00,16.21,0
2026-02-22T18:36:32.839541401+01:00,1771781792839,282.000,4,4,18815325,418544,278.3,4,0.673,0.691,0.841,0.851,0.855,0.037,0,4.00,16.21,0
2026-02-22T18:36:33.839550844+01:00,1771781793839,283.000,4,4,18887125,420024,279.3,4,0.612,0.594,0.772,0.821,0.838,0.028,0,4.00,16.21,0
2026-02-22T18:36:34.839541485+01:00,1771781794839,284.000,4,4,18958925,421504,280.3,4,0.646,0.652,0.829,0.831,0.831,0.051,0,3.00,16.21,1
2026-02-22T18:36:35.839541609+01:00,1771781795839,285.000,0,0,0,0,0.0,4,0.613,0.582,0.769,0.777,0.779,0.070,0,0.00,0.00,0
2026-02-22T18:36:36.839540599+01:00,1771781796839,286.000,4,4,19027451,422947,283.0,4,0.000,0.000,0.000,0.000,0.000,0.000,0,3.00,16.21,0
2026-02-22T18:36:38.839540899+01:00,1771781798839,288.000,4,4,19030889,422947,283.1,4,0.000,0.000,0.000,0.000,0.000,0.000,0,0.00,16.21,0
2026-02-22T18:36:39.839544185+01:00,1771781799839,289.000,4,4,19101571,428904,283.9,4,308.806,182.830,906.978,986.204,993.455,115.418,0,2.53,16.21,0
2026-02-22T18:36:40.839541452+01:00,1771781800839,290.000,4,4,19173371,430384,284.9,4,0.356,0.345,0.431,0.466,0.487,0.030,0,1.00,16.21,0
2026-02-22T18:36:41.839541723+01:00,1771781801839,291.000,4,4,19245171,431864,285.9,4,0.361,0.367,0.436,0.466,0.474,0.030,0,2.00,16.21,0
2026-02-22T18:36:42.839541555+01:00,1771781802839,292.000,4,4,19316971,433344,286.9,4,0.345,0.342,0.410,0.417,0.418,0.030,0,2.00,16.21,0
2026-02-22T18:36:43.839541953+01:00,1771781803839,293.000,4,4,19388771,434824,287.9,4,0.339,0.333,0.393,0.468,0.485,0.032,0,1.00,16.21,0
2026-02-22T18:36:44.839544694+01:00,1771781804839,294.000,4,4,19460571,436304,288.9,4,0.340,0.338,0.423,0.426,0.426,0.029,0,2.00,16.21,0
2026-02-22T18:36:45.839542908+01:00,1771781805839,295.000,4,4,19532371,437784,289.9,4,0.331,0.323,0.408,0.433,0.445,0.026,0,2.00,16.21,0
2026-02-22T18:36:46.839541699+01:00,1771781806839,296.000,4,4,19604171,439264,290.9,4,0.315,0.307,0.441,0.444,0.444,0.023,0,1.00,16.21,0
2026-02-22T18:36:47.839542133+01:00,1771781807839,297.000,4,4,19675971,440744,291.9,4,0.355,0.342,0.432,0.451,0.462,0.034,0,2.00,16.21,0
2026-02-22T18:36:48.839541615+01:00,1771781808839,298.000,4,4,19747771,442224,292.9,4,0.352,0.342,0.436,0.488,0.518,0.031,0,2.00,16.21,0
2026-02-22T18:36:49.839541549+01:00,1771781809839,299.000,4,4,19819571,443704,293.9,4,0.331,0.334,0.446,0.475,0.485,0.037,0,2.00,16.21,0
2026-02-22T18:36:50.839541735+01:00,1771781810839,300.000,4,4,19891371,445184,294.9,4,0.362,0.343,0.478,0.554,0.576,0.043,0,1.00,16.21,0
2026-02-22T18:36:51.839544712+01:00,1771781811839,301.000,4,4,19963171,446664,295.9,4,0.348,0.341,0.468,0.487,0.492,0.041,0,2.00,16.21,0
2026-02-22T18:36:52.83954169+01:00,1771781812839,302.000,4,4,20034971,448144,296.9,4,0.352,0.341,0.447,0.482,0.495,0.027,0,2.00,16.21,0
2026-02-22T18:36:53.839541532+01:00,1771781813839,303.000,4,4,20106771,449624,297.9,4,0.351,0.348,0.437,0.474,0.487,0.026,0,1.00,16.21,0
2026-02-22T18:36:54.83954168+01:00,1771781814839,304.000,4,4,20178571,451104,298.9,4,0.322,0.301,0.436,0.480,0.493,0.032,0,2.00,16.21,0
2026-02-22T18:36:55.839541936+01:00,1771781815839,305.000,4,4,20250371,452584,299.9,4,0.373,0.369,0.470,0.486,0.497,0.037,0,1.00,16.21,0
2026-02-22T18:36:56.83954165+01:00,1771781816839,306.000,4,4,20322171,454064,300.9,4,0.352,0.360,0.452,0.486,0.492,0.031,0,2.00,16.46,0
2026-02-22T18:36:57.839541549+01:00,1771781817839,307.000,4,4,20393971,455544,301.9,4,0.350,0.365,0.465,0.470,0.473,0.030,0,2.00,16.46,0
2026-02-22T18:36:58.839541685+01:00,1771781818839,308.000,4,4,20465771,457024,302.9,4,0.386,0.412,0.489,0.543,0.560,0.028,0,2.00,16.46,0
2026-02-22T18:36:59.839541627+01:00,1771781819839,309.000,4,4,20537571,458504,303.9,4,0.362,0.370,0.444,0.498,0.530,0.030,0,2.00,16.46,0
2026-02-22T18:37:00.839543147+01:00,1771781820839,310.000,4,4,20609371,459984,304.9,4,0.381,0.378,0.477,0.489,0.490,0.024,0,2.00,16.46,0
2026-02-22T18:37:01.839541892+01:00,1771781821839,311.000,4,4,20681171,461464,305.9,4,0.382,0.395,0.457,0.495,0.519,0.026,0,1.00,16.46,0
2026-02-22T18:37:02.839541629+01:00,1771781822839,312.000,4,4,20752971,462944,306.9,4,0.377,0.392,0.468,0.486,0.487,0.025,0,2.00,16.46,0
2026-02-22T18:37:03.839543118+01:00,1771781823839,313.000,4,4,20824771,464424,307.9,4,0.374,0.350,0.457,0.495,0.499,0.019,0,2.00,16.46,0
2026-02-22T18:37:04.839541777+01:00,1771781824839,314.000,4,4,20896571,465904,308.9,4,0.367,0.348,0.453,0.458,0.460,0.030,0,2.00,16.46,0
2026-02-22T18:37:05.839541898+01:00,1771781825839,315.000,4,4,20968371,467384,309.9,4,0.365,0.349,0.441,0.481,0.482,0.029,0,1.00,16.46,0
2026-02-22T18:37:06.839541986+01:00,1771781826839,316.000,4,4,21040171,468864,310.9,4,0.373,0.363,0.458,0.461,0.462,0.037,0,3.00,16.46,0
2026-02-22T18:37:07.839541741+01:00,1771781827839,317.000,4,4,21111971,470344,311.9,4,0.359,0.352,0.435,0.450,0.453,0.026,0,0.00,16.46,0
2026-02-22T18:37:08.839542481+01:00,1771781828839,318.000,4,4,21183771,471824,312.9,4,0.347,0.332,0.434,0.524,0.566,0.033,0,2.00,16.46,0
2026-02-22T18:37:09.839541741+01:00,1771781829839,319.000,4,4,21255571,473304,313.9,4,0.367,0.363,0.455,0.466,0.472,0.038,0,3.00,16.46,1
2026-02-22T18:37:10.839541951+01:00,1771781830839,320.000,4,4,21305831,474784,314.9,4,0.341,0.331,0.463,0.492,0.493,0.028,0,1.00,16.46,0
2026-02-22T18:37:11.839541593+01:00,1771781831839,321.000,0,0,0,0,0.0,4,0.000,0.000,0.000,0.000,0.000,0.000,0,0.00,0.00,0
2026-02-22T18:37:12.839540832+01:00,1771781832839,322.000,4,4,21333335,475228,317.1,4,0.000,0.000,0.000,0.000,0.000,0.000,0,1.00,16.46,0
2026-02-22T18:37:14.839540849+01:00,1771781834839,324.000,4,4,21337919,475228,317.2,4,0.000,0.000,0.000,0.000,0.000,0.000,0,18.60,16.46,0
2026-02-22T18:37:15.839541764+01:00,1771781835839,325.000,4,4,21397511,475228,318.1,4,0.000,0.000,0.000,0.000,0.000,0.000,0,0.00,16.46,0
2026-02-22T18:37:16.839541753+01:00,1771781836839,326.000,4,4,21466271,475228,319.1,4,0.000,0.000,0.000,0.000,0.000,0.000,0,2.00,16.46,0
2026-02-22T18:37:17.839541655+01:00,1771781837839,327.000,4,4,21555399,485144,320.1,4,380.992,345.625,943.098,946.197,946.802,145.276,0,2.00,16.46,0
2026-02-22T18:37:18.839542076+01:00,1771781838839,328.000,4,4,21627199,486624,321.1,4,0.633,0.561,1.023,1.045,1.053,0.049,0,3.00,16.46,0
2026-02-22T18:37:19.839543926+01:00,1771781839839,329.000,4,4,21698999,488104,322.1,4,0.605,0.546,0.880,0.940,0.955,0.048,0,2.00,16.46,0
2026-02-22T18:37:20.83954197+01:00,1771781840839,330.000,4,4,21770799,489584,323.1,4,0.646,0.571,1.018,1.032,1.032,0.054,0,3.00,16.46,0
2026-02-22T18:37:21.839544316+01:00,1771781841839,331.000,4,4,21842599,491064,324.1,4,0.569,0.547,0.764,0.821,0.837,0.043,0,4.00,16.46,0
2026-02-22T18:37:22.839542366+01:00,1771781842839,332.000,4,4,21914399,492544,325.1,4,0.632,0.584,0.990,1.006,1.011,0.085,0,2.00,16.46,0
2026-02-22T18:37:23.839541794+01:00,1771781843839,333.000,4,4,21986199,494024,326.1,4,0.601,0.576,0.870,0.902,0.912,0.080,0,3.00,16.46,0
2026-02-22T18:37:24.83954412+01:00,1771781844839,334.000,4,4,22057999,495504,327.1,4,0.634,0.602,0.999,1.032,1.039,0.070,0,3.00,16.46,0
2026-02-22T18:37:25.839541957+01:00,1771781845839,335.000,4,4,22129799,496984,328.1,4,0.603,0.581,0.849,0.949,0.996,0.084,0,3.00,16.46,0
2026-02-22T18:37:26.839541668+01:00,1771781846839,336.000,4,4,22201599,498464,329.1,4,0.605,0.592,0.891,0.914,0.918,0.064,0,2.00,16.46,0
2026-02-22T18:37:27.839541736+01:00,1771781847839,337.000,4,4,22273399,499944,330.1,4,0.594,0.564,0.969,1.010,1.034,0.041,0,2.00,16.46,0
2026-02-22T18:37:28.839541764+01:00,1771781848839,338.000,4,4,22345199,501424,331.1,4,0.577,0.557,0.810,0.939,0.989,0.099,0,1.00,16.46,0
2026-02-22T18:37:29.839542401+01:00,1771781849839,339.000,4,4,22416999,502904,332.1,4,0.622,0.574,0.968,1.036,1.044,0.063,0,3.00,16.46,0
2026-02-22T18:37:30.83954167+01:00,1771781850839,340.000,4,4,22488799,504384,333.1,4,0.636,0.579,0.988,0.991,0.992,0.067,0,3.00,16.46,0
2026-02-22T18:37:31.839541682+01:00,1771781851839,341.000,4,4,22560599,505864,334.1,4,0.608,0.541,0.948,0.990,0.993,0.064,0,3.00,16.46,0
2026-02-22T18:37:32.839543681+01:00,1771781852839,342.000,4,4,22632399,507344,335.1,4,0.600,0.519,0.966,1.009,1.026,0.056,0,4.00,16.46,0
2026-02-22T18:37:33.839552+01:00,1771781853839,343.000,4,4,22704199,508824,336.1,4,0.620,0.555,0.966,0.993,1.001,0.069,0,3.00,16.46,0
2026-02-22T18:37:34.839541431+01:00,1771781854839,344.000,4,4,22775999,510304,337.1,4,0.610,0.536,0.992,1.003,1.007,0.063,0,2.00,16.46,0
2026-02-22T18:37:35.839544262+01:00,1771781855839,345.000,4,4,22847799,511784,338.1,4,0.647,0.577,1.006,1.027,1.031,0.069,0,4.00,16.46,0
2026-02-22T18:37:36.839541647+01:00,1771781856839,346.000,4,4,22919599,513264,339.1,4,0.619,0.539,1.010,1.018,1.020,0.045,0,1.00,16.46,0
2026-02-22T18:37:37.839551922+01:00,1771781857839,347.000,4,4,22991399,514744,340.1,4,0.642,0.614,0.922,0.949,0.965,0.068,0,4.00,16.46,0
2026-02-22T18:37:38.839551081+01:00,1771781858839,348.000,4,4,23063199,516224,341.1,4,0.622,0.547,1.006,1.040,1.041,0.070,0,4.00,16.46,0
2026-02-22T18:37:39.839543783+01:00,1771781859839,349.000,4,4,23134999,517704,342.1,4,0.601,0.599,0.847,0.891,0.904,0.069,0,4.00,16.46,0
2026-02-22T18:37:40.839541653+01:00,1771781860839,350.000,4,4,23206799,519184,343.1,4,0.605,0.572,0.897,0.948,0.972,0.061,0,3.00,16.46,0
2026-02-22T18:37:41.839550291+01:00,1771781861839,351.000,4,4,23278599,520664,344.1,4,0.607,0.570,0.892,0.901,0.905,0.041,0,3.00,16.46,0
2026-02-22T18:37:42.839542003+01:00,1771781862839,352.000,4,4,23350399,522144,345.1,4,0.596,0.593,0.864,0.891,0.892,0.053,0,3.00,16.46,0
2026-02-22T18:37:43.839544214+01:00,1771781863839,353.000,4,4,23422199,523624,346.1,4,0.592,0.591,0.842,0.853,0.857,0.074,0,4.00,16.46,0
2026-02-22T18:37:44.839541767+01:00,1771781864839,354.000,4,4,23493999,525104,347.1,4,0.588,0.590,0.800,0.869,0.892,0.049,0,4.00,16.46,0
2026-02-22T18:37:45.839541488+01:00,1771781865839,355.000,4,4,23565799,526584,348.1,4,0.562,0.560,0.819,0.855,0.859,0.049,0,1.00,16.46,1
2026-02-22T18:37:46.839542028+01:00,1771781866839,356.000,4,4,23606283,528064,349.1,4,0.607,0.576,0.850,0.894,0.905,0.064,0,4.00,16.46,0
2026-02-22T18:37:47.839543022+01:00,1771781867839,357.000,0,0,0,0,0.0,4,0.000,0.000,0.000,0.000,0.000,0.000,0,0.00,0.00,0
2026-02-22T18:37:48.839540744+01:00,1771781868839,358.000,4,4,23626911,528360,350.7,4,0.000,0.000,0.000,0.000,0.000,0.000,0,0.00,16.46,0
2026-02-22T18:37:50.839541934+01:00,1771781870839,360.000,4,4,23700347,533984,351.6,4,308.472,212.858,909.502,913.877,914.097,121.572,0,1.09,16.46,0
2026-02-22T18:37:51.839544681+01:00,1771781871839,361.000,4,4,23772147,535464,352.6,4,0.398,0.341,0.566,0.597,0.612,0.029,0,2.00,16.46,0
2026-02-22T18:37:52.83954163+01:00,1771781872839,362.000,4,4,23843947,536944,353.6,4,0.411,0.378,0.584,0.600,0.610,0.018,0,1.00,16.46,0
2026-02-22T18:37:53.83954396+01:00,1771781873839,363.000,4,4,23915747,538424,354.6,4,0.415,0.414,0.559,0.559,0.560,0.016,0,2.00,16.46,0
2026-02-22T18:37:54.839544602+01:00,1771781874839,364.000,4,4,23987547,539904,355.6,4,0.402,0.372,0.561,0.572,0.577,0.022,0,2.00,16.46,0
2026-02-22T18:37:55.839541579+01:00,1771781875839,365.000,4,4,24059426,541384,356.6,4,0.412,0.378,0.566,0.748,0.840,0.042,0,2.00,16.46,0
2026-02-22T18:37:56.839543274+01:00,1771781876839,366.000,4,4,24131346,542864,357.6,4,0.403,0.376,0.555,0.643,0.687,0.027,0,2.00,16.46,0
2026-02-22T18:37:57.839541665+01:00,1771781877839,367.000,4,4,24203266,544344,358.6,4,0.385,0.369,0.563,0.566,0.566,0.030,0,1.00,16.46,0
2026-02-22T18:37:58.839541999+01:00,1771781878839,368.000,4,4,24275186,545824,359.6,4,0.379,0.368,0.543,0.555,0.556,0.018,0,1.00,16.46,0
2026-02-22T18:37:59.839543273+01:00,1771781879839,369.000,4,4,24347106,547304,360.6,4,0.373,0.364,0.517,0.538,0.545,0.024,0,2.00,16.46,0
2026-02-22T18:38:00.839541975+01:00,1771781880839,370.000,4,4,24419026,548784,361.6,4,0.388,0.363,0.554,0.564,0.564,0.027,0,2.00,16.46,0
2026-02-22T18:38:01.839541765+01:00,1771781881839,371.000,4,4,24490946,550264,362.6,4,0.378,0.367,0.529,0.579,0.592,0.031,0,1.00,16.46,0
2026-02-22T18:38:02.839542015+01:00,1771781882839,372.000,4,4,24562866,551744,363.6,4,0.385,0.369,0.550,0.555,0.559,0.025,0,2.00,16.46,0
2026-02-22T18:38:03.839541507+01:00,1771781883839,373.000,4,4,24634786,553224,364.6,4,0.381,0.372,0.552,0.586,0.597,0.023,0,2.00,16.46,0
2026-02-22T18:38:04.839543637+01:00,1771781884839,374.000,4,4,24706706,554704,365.6,4,0.380,0.385,0.512,0.539,0.543,0.026,0,2.00,16.46,0
2026-02-22T18:38:05.839541922+01:00,1771781885839,375.000,4,4,24778626,556184,366.6,4,0.389,0.358,0.561,0.566,0.568,0.020,0,3.00,16.46,0
2026-02-22T18:38:06.839541653+01:00,1771781886839,376.000,4,4,24850546,557664,367.6,4,0.389,0.376,0.556,0.569,0.574,0.017,0,2.00,16.46,0
2026-02-22T18:38:07.839541647+01:00,1771781887839,377.000,4,4,24922466,559144,368.6,4,0.397,0.389,0.536,0.543,0.547,0.020,0,1.00,16.46,0
2026-02-22T18:38:08.839543873+01:00,1771781888839,378.000,4,4,24994386,560624,369.6,4,0.395,0.382,0.562,0.571,0.574,0.028,0,2.00,16.46,0
2026-02-22T18:38:09.83954196+01:00,1771781889839,379.000,4,4,25066306,562104,370.6,4,0.406,0.375,0.584,0.637,0.655,0.032,0,2.00,16.46,0
2026-02-22T18:38:10.839543759+01:00,1771781890839,380.000,4,4,25138226,563584,371.6,4,0.419,0.396,0.568,0.598,0.610,0.027,0,1.00,16.46,0
2026-02-22T18:38:11.839541753+01:00,1771781891839,381.000,4,4,25210146,565064,372.6,4,0.376,0.352,0.556,0.570,0.570,0.016,0,2.00,16.46,0
2026-02-22T18:38:12.839541669+01:00,1771781892839,382.000,4,4,25282066,566544,373.6,4,0.382,0.339,0.545,0.598,0.627,0.022,0,2.00,16.46,0
2026-02-22T18:38:13.839541459+01:00,1771781893839,383.000,4,4,25353986,568024,374.6,4,0.352,0.352,0.500,0.522,0.528,0.029,0,2.00,16.46,0
2026-02-22T18:38:14.839543259+01:00,1771781894839,384.000,4,4,25425906,569504,375.6,4,0.374,0.332,0.554,0.566,0.573,0.027,0,2.00,16.46,0
2026-02-22T18:38:15.839542476+01:00,1771781895839,385.000,4,4,25497826,570984,376.6,4,0.383,0.369,0.564,0.592,0.596,0.030,0,1.00,16.46,0
2026-02-22T18:38:16.83955276+01:00,1771781896839,386.000,4,4,25569746,572464,377.6,4,0.360,0.343,0.537,0.565,0.566,0.026,0,2.00,16.46,0
2026-02-22T18:38:17.839544362+01:00,1771781897839,387.000,4,4,25641666,573944,378.6,4,0.374,0.344,0.551,0.566,0.575,0.026,0,3.00,16.46,0
2026-02-22T18:38:18.839544652+01:00,1771781898839,388.000,4,4,25713586,575424,379.6,4,0.359,0.355,0.448,0.550,0.566,0.035,0,2.00,16.46,0
2026-02-22T18:38:19.839541604+01:00,1771781899839,389.000,4,4,25785506,576904,380.6,4,0.372,0.344,0.555,0.562,0.564,0.024,0,1.00,16.46,0
2026-02-22T18:38:20.839542014+01:00,1771781900839,390.000,4,4,25857426,578384,381.6,4,0.377,0.367,0.548,0.554,0.557,0.021,0,2.00,16.46,1
2026-02-22T18:38:21.839541642+01:00,1771781901839,391.000,4,4,25929346,579864,382.6,4,0.410,0.401,0.598,0.638,0.658,0.039,0,2.00,16.46,0
2026-02-22T18:38:22.839551851+01:00,1771781902839,392.000,0,0,0,0,0.0,4,0.000,0.000,0.000,0.000,0.000,0.000,0,0.00,0.00,0
2026-02-22T18:38:23.839540712+01:00,1771781903839,393.000,4,4,25972130,585932,385.0,4,378.790,353.692,902.893,906.096,906.727,150.631,0,2.00,16.46,0
2026-02-22T18:38:25.839540893+01:00,1771781905839,395.000,4,4,25976722,585932,385.1,4,0.646,0.683,0.828,0.830,0.830,0.087,0,0.00,16.46,0
2026-02-22T18:38:26.839542309+01:00,1771781906839,396.000,4,4,26036858,587264,385.9,4,0.575,0.543,0.836,0.840,0.841,0.079,0,1.28,16.46,0
2026-02-22T18:38:27.839542252+01:00,1771781907839,397.000,4,4,26108778,588744,386.9,4,0.558,0.558,0.805,0.826,0.833,0.044,0,3.00,16.46,0
2026-02-22T18:38:28.839541556+01:00,1771781908839,398.000,4,4,26180698,590224,387.9,4,0.570,0.594,0.834,0.852,0.852,0.049,0,4.00,16.46,0
2026-02-22T18:38:29.83954217+01:00,1771781909839,399.000,4,4,26252618,591704,388.9,4,0.560,0.524,0.819,0.901,0.932,0.062,0,2.00,16.46,0
2026-02-22T18:38:30.839542257+01:00,1771781910839,400.000,4,4,26324538,593184,389.9,4,0.557,0.522,0.818,0.821,0.822,0.058,0,2.00,16.46,0
2026-02-22T18:38:31.839541496+01:00,1771781911839,401.000,4,4,26396458,594664,390.9,4,0.542,0.550,0.790,0.806,0.815,0.040,0,3.00,16.46,0
2026-02-22T18:38:32.839541937+01:00,1771781912839,402.000,4,4,26468378,596144,391.9,4,0.522,0.503,0.720,0.743,0.752,0.046,0,1.00,16.46,0
2026-02-22T18:38:33.839541986+01:00,1771781913839,403.000,4,4,26540298,597624,392.9,4,0.543,0.520,0.811,0.836,0.849,0.048,0,3.00,16.46,0
2026-02-22T18:38:34.839543852+01:00,1771781914839,404.000,4,4,26612218,599104,393.9,4,0.524,0.489,0.803,0.823,0.829,0.043,0,3.00,16.46,0
2026-02-22T18:38:35.839541632+01:00,1771781915839,405.000,4,4,26684138,600584,394.9,4,0.502,0.448,0.765,0.818,0.823,0.038,0,3.00,16.46,0
2026-02-22T18:38:36.839543162+01:00,1771781916839,406.000,4,4,26756058,602064,395.9,4,0.526,0.447,0.831,0.867,0.881,0.052,0,2.00,16.46,0
2026-02-22T18:38:37.839541942+01:00,1771781917839,407.000,4,4,26827978,603544,396.9,4,0.496,0.433,0.703,0.726,0.727,0.036,0,3.00,16.46,0
2026-02-22T18:38:38.839541635+01:00,1771781918839,408.000,4,4,26899898,605024,397.9,4,0.533,0.485,0.821,0.838,0.838,0.045,0,3.00,16.46,0
2026-02-22T18:38:39.839542326+01:00,1771781919839,409.000,4,4,26971818,606504,398.9,4,0.547,0.499,0.821,0.853,0.866,0.047,0,2.00,16.46,0
2026-02-22T18:38:40.839541707+01:00,1771781920839,410.000,4,4,27043738,607984,399.9,4,0.521,0.509,0.701,0.816,0.882,0.042,0,4.00,16.46,0
2026-02-22T18:38:41.839544352+01:00,1771781921839,411.000,4,4,27115658,609464,400.9,4,0.587,0.543,0.908,0.926,0.936,0.070,0,2.00,16.46,0
2026-02-22T18:38:42.83954154+01:00,1771781922839,412.000,4,4,27187578,610944,401.9,4,0.538,0.524,0.843,0.854,0.861,0.049,0,3.00,16.46,0
2026-02-22T18:38:43.839541653+01:00,1771781923839,413.000,4,4,27259498,612424,402.9,4,0.555,0.537,0.887,0.924,0.926,0.049,0,4.00,16.46,0
2026-02-22T18:38:44.839541558+01:00,1771781924839,414.000,4,4,27331418,613904,403.9,4,0.583,0.552,0.893,0.919,0.928,0.036,0,2.00,16.46,0
2026-02-22T18:38:45.839541634+01:00,1771781925839,415.000,4,4,27403338,615384,404.9,4,0.561,0.536,0.886,0.897,0.903,0.055,0,4.00,16.46,0
2026-02-22T18:38:46.839544326+01:00,1771781926839,416.000,4,4,27475258,616864,405.9,4,0.568,0.550,0.881,0.912,0.916,0.058,0,2.00,16.46,0
2026-02-22T18:38:47.839541536+01:00,1771781927839,417.000,4,4,27547178,618344,406.9,4,0.557,0.500,0.898,0.931,0.938,0.058,0,3.00,16.46,0
2026-02-22T18:38:48.839541797+01:00,1771781928839,418.000,4,4,27619098,619824,407.9,4,0.555,0.500,0.893,0.901,0.904,0.060,0,3.00,16.46,0
2026-02-22T18:38:49.8395417+01:00,1771781929839,419.000,4,4,27691018,621304,408.9,4,0.550,0.483,0.868,0.899,0.911,0.049,0,4.00,16.46,0
2026-02-22T18:38:50.839541882+01:00,1771781930839,420.000,4,4,27762938,622784,409.9,4,0.589,0.506,0.921,0.986,1.027,0.066,0,3.00,16.46,0
2026-02-22T18:38:51.839541507+01:00,1771781931839,421.000,4,4,27834858,624264,410.9,4,0.579,0.501,0.933,0.978,1.000,0.041,0,3.00,16.46,0
2026-02-22T18:38:52.839541716+01:00,1771781932839,422.000,4,4,27906778,625744,411.9,4,0.560,0.505,0.894,0.924,0.930,0.036,0,2.00,16.46,0
2026-02-22T18:38:53.839541519+01:00,1771781933839,423.000,4,4,27978698,627224,412.9,4,0.574,0.494,0.936,0.966,0.971,0.057,0,4.00,16.46,0
2026-02-22T18:38:54.839541744+01:00,1771781934839,424.000,4,4,28050618,628704,413.9,4,0.531,0.457,0.867,0.876,0.882,0.037,0,3.00,16.46,0
2026-02-22T18:38:55.839541726+01:00,1771781935839,425.000,4,4,28122538,630184,414.9,4,0.546,0.454,0.890,0.916,0.922,0.043,0,3.00,16.46,0
2026-02-22T18:38:56.839541632+01:00,1771781936839,426.000,4,4,28194458,631664,415.9,4,0.549,0.492,0.892,0.916,0.921,0.046,0,1.00,16.46,1
2026-02-22T18:38:57.839541537+01:00,1771781937839,427.000,4,4,28235010,633144,416.9,4,0.543,0.513,0.840,0.882,0.892,0.047,0,2.00,16.46,0
2026-02-22T18:38:58.839541647+01:00,1771781938839,428.000,0,0,0,0,0.0,4,0.000,0.000,0.000,0.000,0.000,0.000,0,0.00,0.00,0
2026-02-22T18:38:59.839540882+01:00,1771781939839,429.000,4,4,28264858,633440,418.7,4,0.000,0.000,0.000,0.000,0.000,0.000,0,0.00,16.46,0
2026-02-22T18:39:01.839543027+01:00,1771781941839,431.000,4,4,28340698,639064,419.6,4,336.873,238.510,970.914,990.451,991.150,123.510,0,1.09,16.46,0
2026-02-22T18:39:02.839542285+01:00,1771781942839,432.000,4,4,28412618,640544,420.6,4,0.405,0.397,0.490,0.493,0.493,0.022,0,2.00,16.46,0
2026-02-22T18:39:03.839541521+01:00,1771781943839,433.000,4,4,28484538,642024,421.6,4,0.388,0.392,0.488,0.504,0.512,0.024,0,2.00,16.46,0
2026-02-22T18:39:04.839541791+01:00,1771781944839,434.000,4,4,28556458,643504,422.6,4,0.392,0.389,0.482,0.551,0.587,0.040,0,1.00,16.46,0
2026-02-22T18:39:05.839542083+01:00,1771781945839,435.000,4,4,28628378,644984,423.6,4,0.363,0.348,0.480,0.494,0.497,0.040,0,2.00,16.46,0
2026-02-22T18:39:06.8395415+01:00,1771781946839,436.000,4,4,28700298,646464,424.6,4,0.362,0.354,0.484,0.500,0.501,0.036,0,1.00,16.46,0
2026-02-22T18:39:07.839541748+01:00,1771781947839,437.000,4,4,28772218,647944,425.6,4,0.414,0.394,0.524,0.692,0.792,0.057,0,2.00,16.46,0
2026-02-22T18:39:08.839541925+01:00,1771781948839,438.000,4,4,28844138,649424,426.6,4,0.344,0.341,0.437,0.459,0.461,0.027,0,1.00,16.46,0
2026-02-22T18:39:09.839541588+01:00,1771781949839,439.000,4,4,28916058,650904,427.6,4,0.358,0.358,0.429,0.491,0.521,0.032,0,2.00,16.46,0
2026-02-22T18:39:10.839541924+01:00,1771781950839,440.000,4,4,28987978,652384,428.6,4,0.386,0.380,0.481,0.503,0.514,0.025,0,1.00,16.46,0
2026-02-22T18:39:11.8395415+01:00,1771781951839,441.000,4,4,29059898,653864,429.6,4,0.355,0.356,0.427,0.449,0.461,0.040,0,3.00,16.46,0
2026-02-22T18:39:12.839549291+01:00,1771781952839,442.000,4,4,29131818,655344,430.6,4,0.398,0.394,0.500,0.522,0.522,0.046,0,1.00,16.46,0
2026-02-22T18:39:13.839541555+01:00,1771781953839,443.000,4,4,29203738,656824,431.6,4,0.371,0.365,0.475,0.503,0.507,0.045,0,2.00,16.46,0
2026-02-22T18:39:14.83954378+01:00,1771781954839,444.000,4,4,29275658,658304,432.6,4,0.362,0.353,0.445,0.484,0.499,0.032,0,2.00,16.46,0
2026-02-22T18:39:15.839543522+01:00,1771781955839,445.000,4,4,29347578,659784,433.6,4,0.363,0.347,0.456,0.461,0.464,0.024,0,2.00,16.46,0
2026-02-22T18:39:16.839542021+01:00,1771781956839,446.000,4,4,29419498,661264,434.6,4,0.374,0.345,0.481,0.502,0.507,0.030,0,1.00,16.46,0
2026-02-22T18:39:17.839542035+01:00,1771781957839,447.000,4,4,29491418,662744,435.6,4,0.346,0.338,0.471,0.497,0.512,0.048,0,2.00,16.46,0
2026-02-22T18:39:18.839541434+01:00,1771781958839,448.000,4,4,29563338,664224,436.6,4,0.327,0.310,0.443,0.459,0.469,0.041,0,2.00,16.46,0
2026-02-22T18:39:19.839541522+01:00,1771781959839,449.000,4,4,29635258,665704,437.6,4,0.375,0.362,0.506,0.604,0.654,0.053,0,2.00,16.46,0
2026-02-22T18:39:20.839541543+01:00,1771781960839,450.000,4,4,29707178,667184,438.6,4,0.372,0.336,0.485,0.500,0.501,0.042,0,1.00,16.46,0
2026-02-22T18:39:21.839541647+01:00,1771781961839,451.000,4,4,29779098,668664,439.6,4,0.389,0.376,0.490,0.500,0.505,0.031,0,2.00,16.46,0
2026-02-22T18:39:22.839541563+01:00,1771781962839,452.000,4,4,29851018,670144,440.6,4,0.371,0.370,0.469,0.494,0.494,0.030,0,1.00,16.46,0
2026-02-22T18:39:23.839544636+01:00,1771781963839,453.000,4,4,29922938,671624,441.6,4,0.351,0.347,0.446,0.458,0.460,0.023,0,2.00,16.46,0
2026-02-22T18:39:24.839541661+01:00,1771781964839,454.000,4,4,29994858,673104,442.6,4,0.349,0.344,0.440,0.455,0.455,0.034,0,2.00,16.46,0
2026-02-22T18:39:25.839551275+01:00,1771781965839,455.000,4,4,30066778,674584,443.6,4,0.350,0.339,0.424,0.503,0.515,0.037,0,1.00,16.46,0
2026-02-22T18:39:26.839541542+01:00,1771781966839,456.000,4,4,30138698,676064,444.6,4,0.362,0.366,0.440,0.460,0.468,0.040,0,2.00,16.46,0
2026-02-22T18:39:27.83954157+01:00,1771781967839,457.000,4,4,30210618,677544,445.6,4,0.384,0.389,0.468,0.498,0.518,0.037,0,3.00,16.46,0
2026-02-22T18:39:28.839541527+01:00,1771781968839,458.000,4,4,30282538,679024,446.6,4,0.373,0.362,0.465,0.481,0.490,0.030,0,1.00,16.46,0
2026-02-22T18:39:29.839541553+01:00,1771781969839,459.000,4,4,30354458,680504,447.6,4,0.383,0.380,0.464,0.526,0.564,0.035,0,2.00,16.46,0
2026-02-22T18:39:30.839541654+01:00,1771781970839,460.000,4,4,30426378,681984,448.6,4,0.366,0.359,0.453,0.481,0.486,0.031,0,1.00,16.46,0
2026-02-22T18:39:31.839541612+01:00,1771781971839,461.000,4,4,30498298,683464,449.6,4,0.348,0.344,0.469,0.558,0.598,0.036,0,2.00,16.46,1
2026-02-22T18:39:32.839541466+01:00,1771781972839,462.000,4,4,30560426,684944,450.6,4,0.348,0.350,0.440,0.453,0.457,0.032,0,3.00,16.46,0
2026-02-22T18:39:33.839541323+01:00,1771781973839,463.000,0,0,0,0,0.0,4,0.000,0.000,0.000,0.000,0.000,0.000,0,0.00,0.00,0
2026-02-22T18:39:34.839540641+01:00,1771781974839,464.000,4,4,30617290,690901,453.1,4,359.028,288.710,985.407,990.376,991.214,131.756,0,3.00,16.46,0
2026-02-22T18:39:36.839540773+01:00,1771781976839,466.000,4,4,30622186,691012,453.2,4,0.000,0.000,0.000,0.000,0.000,0.000,0,0.00,16.46,0
2026-02-22T18:39:37.839542572+01:00,1771781977839,467.000,4,4,30682322,692344,454.0,4,0.622,0.600,0.740,0.758,0.765,0.049,0,6.19,16.46,0
2026-02-22T18:39:38.839541786+01:00,1771781978839,468.000,4,4,30754242,693824,455.0,4,0.637,0.636,0.753,0.767,0.773,0.035,0,3.00,16.46,0
2026-02-22T18:39:39.839541685+01:00,1771781979839,469.000,4,4,30826162,695304,456.0,4,0.618,0.628,0.746,0.766,0.768,0.053,0,2.00,16.46,0
2026-02-22T18:39:40.839543843+01:00,1771781980839,470.000,4,4,30898082,696784,457.0,4,0.623,0.634,0.757,0.780,0.780,0.036,0,4.00,16.46,0
2026-02-22T18:39:41.839541842+01:00,1771781981839,471.000,4,4,30970002,698264,458.0,4,0.617,0.639,0.740,0.773,0.775,0.049,0,1.00,16.46,0
2026-02-22T18:39:42.83954188+01:00,1771781982839,472.000,4,4,31041922,699744,459.0,4,0.585,0.606,0.761,0.784,0.790,0.056,0,3.00,16.46,0
2026-02-22T18:39:43.839543735+01:00,1771781983839,473.000,4,4,31113842,701224,460.0,4,0.645,0.623,0.755,0.799,0.820,0.041,0,3.00,16.46,0
2026-02-22T18:39:44.839542128+01:00,1771781984839,474.000,4,4,31185762,702704,461.0,4,0.591,0.598,0.709,0.713,0.714,0.042,0,3.00,16.46,0
2026-02-22T18:39:45.839541598+01:00,1771781985839,475.000,4,4,31257682,704184,462.0,4,0.620,0.648,0.732,0.746,0.755,0.045,0,3.00,16.46,0
2026-02-22T18:39:46.839541618+01:00,1771781986839,476.000,4,4,31329602,705664,463.0,4,0.594,0.584,0.713,0.736,0.746,0.059,0,2.00,16.46,0
2026-02-22T18:39:47.839543878+01:00,1771781987839,477.000,4,4,31401522,707144,464.0,4,0.587,0.589,0.705,0.720,0.725,0.039,0,4.00,16.46,0
2026-02-22T18:39:48.839541877+01:00,1771781988839,478.000,4,4,31473442,708624,465.0,4,0.560,0.579,0.701,0.706,0.708,0.047,0,2.00,16.46,0
2026-02-22T18:39:49.839541995+01:00,1771781989839,479.000,4,4,31545362,710104,466.0,4,0.525,0.525,0.666,0.688,0.689,0.040,0,2.00,16.46,0
2026-02-22T18:39:50.839541736+01:00,1771781990839,480.000,4,4,31617282,711584,467.0,4,0.563,0.569,0.698,0.701,0.702,0.040,0,3.00,16.46,0
2026-02-22T18:39:51.839541931+01:00,1771781991839,481.000,4,4,31689202,713064,468.0,4,0.572,0.548,0.692,0.747,0.776,0.039,0,1.00,16.46,0
2026-02-22T18:39:52.839550136+01:00,1771781992839,482.000,4,4,31761122,714544,469.0,4,0.589,0.564,0.710,0.746,0.756,0.040,0,1.00,16.46,0
2026-02-22T18:39:53.839541884+01:00,1771781993839,483.000,4,4,31833042,716024,470.0,4,0.593,0.617,0.718,0.723,0.724,0.039,0,2.00,16.46,0
2026-02-22T18:39:54.839541997+01:00,1771781994839,484.000,4,4,31904962,717504,471.0,4,0.578,0.571,0.658,0.713,0.715,0.032,0,2.00,16.46,0
2026-02-22T18:39:55.839543729+01:00,1771781995839,485.000,4,4,31976882,718984,472.0,4,0.580,0.568,0.690,0.704,0.712,0.035,0,4.00,16.46,0
2026-02-22T18:39:56.839543693+01:00,1771781996839,486.000,4,4,32048802,720464,473.0,4,0.572,0.567,0.712,0.732,0.743,0.057,0,2.00,16.46,0
2026-02-22T18:39:57.839543943+01:00,1771781997839,487.000,4,4,32120722,721944,474.0,4,0.585,0.568,0.681,0.712,0.719,0.032,0,4.00,16.46,0
2026-02-22T18:39:58.839542049+01:00,1771781998839,488.000,4,4,32192642,723424,475.0,4,0.588,0.584,0.710,0.714,0.717,0.042,0,2.00,16.46,0
2026-02-22T18:39:59.839543254+01:00,1771781999839,489.000,4,4,32264562,724904,476.0,4,0.590,0.581,0.697,0.728,0.737,0.044,0,2.00,16.46,0
2026-02-22T18:40:00.839541857+01:00,1771782000839,490.000,4,4,32336482,726384,477.0,4,0.591,0.586,0.699,0.709,0.710,0.031,0,3.00,16.46,0
2026-02-22T18:40:01.839541753+01:00,1771782001839,491.000,4,4,32408402,727864,478.0,4,0.594,0.579,0.707,0.727,0.735,0.032,0,3.00,16.46,0
2026-02-22T18:40:02.839541833+01:00,1771782002839,492.000,4,4,32480322,729344,479.0,4,0.581,0.578,0.704,0.717,0.724,0.034,0,2.00,16.46,0
2026-02-22T18:40:03.839541683+01:00,1771782003839,493.000,4,4,32552242,730824,480.0,4,0.576,0.560,0.680,0.721,0.744,0.043,0,4.00,16.46,0
2026-02-22T18:40:04.839541512+01:00,1771782004839,494.000,4,4,32624162,732304,481.0,4,0.613,0.602,0.736,0.743,0.744,0.038,0,3.00,16.46,0
2026-02-22T18:40:05.839543473+01:00,1771782005839,495.000,4,4,32696082,733784,482.0,4,0.583,0.600,0.697,0.702,0.702,0.036,0,4.00,16.46,0
2026-02-22T18:40:06.839541739+01:00,1771782006839,496.000,4,4,32768002,735264,483.0,4,0.605,0.593,0.716,0.723,0.726,0.033,0,4.00,16.46,0
2026-02-22T18:40:07.839541538+01:00,1771782007839,497.000,4,4,32839922,736744,484.0,4,0.585,0.595,0.717,0.724,0.728,0.050,0,2.00,16.46,1
2026-02-22T18:40:08.839541805+01:00,1771782008839,498.000,0,0,0,0,0.0,4,0.593,0.617,0.712,0.736,0.742,0.054,0,0.00,0.00,0
2026-02-22T18:40:09.839540659+01:00,1771782009839,499.000,4,4,32905122,738224,486.7,4,0.000,0.000,0.000,0.000,0.000,0.000,0,1.40,16.46,0
2026-02-22T18:40:11.8395408+01:00,1771782011839,501.000,4,4,32909140,738224,486.7,4,0.000,0.000,0.000,0.000,0.000,0.000,0,0.00,16.46,0
2026-02-22T18:40:12.839541697+01:00,1771782012839,502.000,4,4,32979274,744144,487.6,4,290.387,122.079,917.137,973.845,974.453,107.963,0,2.36,16.46,0
2026-02-22T18:40:13.839543933+01:00,1771782013839,503.000,4,4,33051194,745624,488.6,4,0.388,0.381,0.514,0.698,0.808,0.042,0,2.00,16.46,0
2026-02-22T18:40:14.839541669+01:00,1771782014839,504.000,4,4,33123114,747104,489.6,4,0.383,0.376,0.497,0.524,0.535,0.038,0,2.00,16.46,0
2026-02-22T18:40:15.839541637+01:00,1771782015839,505.000,4,4,33195034,748584,490.6,4,0.378,0.365,0.507,0.548,0.565,0.031,0,2.00,16.46,0
2026-02-22T18:40:16.839541825+01:00,1771782016839,506.000,4,4,33266954,750064,491.6,4,0.369,0.370,0.499,0.500,0.501,0.032,0,2.00,16.46,0
2026-02-22T18:40:17.839541505+01:00,1771782017839,507.000,4,4,33338874,751544,492.6,4,0.399,0.411,0.551,0.557,0.558,0.020,0,3.00,16.46,0
2026-02-22T18:40:18.839541638+01:00,1771782018839,508.000,4,4,33410794,753024,493.6,4,0.398,0.392,0.550,0.556,0.559,0.024,0,2.00,16.46,0
2026-02-22T18:40:19.839541524+01:00,1771782019839,509.000,4,4,33482714,754504,494.6,4,0.402,0.386,0.514,0.520,0.520,0.022,0,2.00,16.46,0
2026-02-22T18:40:20.839541965+01:00,1771782020839,510.000,4,4,33554634,755984,495.6,4,0.387,0.383,0.529,0.554,0.556,0.034,0,2.00,16.46,0
2026-02-22T18:40:21.839541636+01:00,1771782021839,511.000,4,4,33626554,757464,496.6,4,0.384,0.380,0.520,0.531,0.535,0.029,0,3.00,16.46,0
2026-02-22T18:40:22.839542138+01:00,1771782022839,512.000,4,4,33698474,758944,497.6,4,0.370,0.353,0.482,0.486,0.488,0.034,0,2.00,16.46,0
2026-02-22T18:40:23.839542129+01:00,1771782023839,513.000,4,4,33770394,760424,498.6,4,0.389,0.395,0.491,0.533,0.545,0.020,0,2.00,16.46,0
2026-02-22T18:40:24.839541688+01:00,1771782024839,514.000,4,4,33842314,761904,499.6,4,0.400,0.407,0.507,0.534,0.546,0.026,0,0.00,16.46,0
2026-02-22T18:40:25.839544679+01:00,1771782025839,515.000,4,4,33914234,763384,500.6,4,0.390,0.391,0.482,0.513,0.532,0.021,0,2.00,16.46,0
2026-02-22T18:40:26.839541719+01:00,1771782026839,516.000,4,4,33986154,764864,501.6,4,0.372,0.365,0.486,0.504,0.513,0.033,0,1.00,16.46,0
2026-02-22T18:40:27.839543432+01:00,1771782027839,517.000,4,4,34058074,766344,502.6,4,0.356,0.359,0.426,0.441,0.449,0.016,0,2.00,16.46,0
2026-02-22T18:40:28.839541646+01:00,1771782028839,518.000,4,4,34129994,767824,503.6,4,0.352,0.366,0.434,0.447,0.452,0.023,0,2.00,16.46,0
2026-02-22T18:40:29.839541901+01:00,1771782029839,519.000,4,4,34201914,769304,504.6,4,0.348,0.342,0.428,0.432,0.434,0.022,0,2.00,16.46,0
2026-02-22T18:40:30.839541781+01:00,1771782030839,520.000,4,4,34273834,770784,505.6,4,0.357,0.359,0.422,0.430,0.435,0.022,0,2.00,16.46,0
2026-02-22T18:40:31.839541643+01:00,1771782031839,521.000,4,4,34345754,772264,506.6,4,0.352,0.359,0.429,0.430,0.430,0.018,0,2.00,16.46,0
2026-02-22T18:40:32.839541613+01:00,1771782032839,522.000,4,4,34417674,773744,507.6,4,0.366,0.375,0.464,0.472,0.475,0.015,0,3.00,16.46,0
2026-02-22T18:40:33.839541557+01:00,1771782033839,523.000,4,4,34489594,775224,508.6,4,0.350,0.349,0.436,0.439,0.439,0.019,0,2.00,16.46,0
2026-02-22T18:40:34.839541654+01:00,1771782034839,524.000,4,4,34561514,776704,509.6,4,0.310,0.300,0.386,0.402,0.402,0.023,0,2.00,16.46,0
2026-02-22T18:40:35.83954151+01:00,1771782035839,525.000,4,4,34633434,778184,510.6,4,0.334,0.338,0.407,0.449,0.472,0.023,0,1.00,16.46,0
2026-02-22T18:40:36.839541675+01:00,1771782036839,526.000,4,4,34705354,779664,511.6,4,0.324,0.316,0.431,0.446,0.450,0.024,0,2.00,16.46,0
2026-02-22T18:40:37.839541691+01:00,1771782037839,527.000,4,4,34777274,781144,512.6,4,0.327,0.309,0.414,0.426,0.430,0.022,0,2.00,16.46,0
2026-02-22T18:40:38.839543991+01:00,1771782038839,528.000,4,4,34849194,782624,513.6,4,0.311,0.299,0.393,0.423,0.437,0.020,0,3.00,16.46,0
2026-02-22T18:40:39.839541588+01:00,1771782039839,529.000,4,4,34921114,784104,514.6,4,0.322,0.318,0.382,0.399,0.408,0.021,0,2.00,16.46,0
2026-02-22T18:40:40.83954177+01:00,1771782040839,530.000,4,4,34993034,785584,515.6,4,0.322,0.323,0.408,0.423,0.432,0.020,0,2.00,16.46,0
2026-02-22T18:40:41.839541574+01:00,1771782041839,531.000,4,4,35064954,787064,516.6,4,0.335,0.320,0.425,0.439,0.445,0.026,0,1.00,16.46,0
2026-02-22T18:40:42.839542715+01:00,1771782042839,532.000,4,4,35136874,788544,517.6,4,0.344,0.334,0.417,0.423,0.426,0.023,0,2.00,16.46,1
2026-02-22T18:40:43.839541583+01:00,1771782043839,533.000,4,4,35189514,790024,518.6,4,0.361,0.345,0.417,0.640,0.721,0.042,0,2.00,16.46,0
2026-02-22T18:40:44.83954163+01:00,1771782044839,534.000,0,0,0,0,0.0,4,0.000,0.000,0.000,0.000,0.000,0.000,0,0.00,0.00,0
2026-02-22T18:40:45.839540978+01:00,1771782045839,535.000,4,4,35230842,790320,521.1,4,0.000,0.000,0.000,0.000,0.000,0.000,0,2.00,16.46,0
2026-02-22T18:40:47.839540821+01:00,1771782047839,537.000,4,4,35233138,790320,521.1,4,0.000,0.000,0.000,0.000,0.000,0.000,0,18.52,16.46,0
2026-02-22T18:40:48.839542254+01:00,1771782048839,538.000,4,4,35295130,790320,522.0,4,0.000,0.000,0.000,0.000,0.000,0.000,0,2.41,16.46,0
2026-02-22T18:40:49.839542725+01:00,1771782049839,539.000,4,4,35364010,790320,523.0,4,0.000,0.000,0.000,0.000,0.000,0.000,0,3.00,16.46,0
2026-02-22T18:40:50.839541703+01:00,1771782050839,540.000,4,4,35453562,800384,524.0,4,327.657,257.934,906.017,910.361,911.208,129.726,0,3.00,16.46,0
2026-02-22T18:40:51.839544575+01:00,1771782051839,541.000,4,4,35525482,801864,525.0,4,0.520,0.535,0.717,0.739,0.742,0.055,0,5.00,16.46,0
2026-02-22T18:40:52.839541766+01:00,1771782052839,542.000,4,4,35597402,803344,526.0,4,0.515,0.505,0.715,0.720,0.722,0.044,0,4.00,16.46,0
2026-02-22T18:40:53.839543297+01:00,1771782053839,543.000,4,4,35669322,804824,527.0,4,0.535,0.504,0.757,0.785,0.796,0.048,0,3.00,16.46,0
2026-02-22T18:40:54.839544368+01:00,1771782054839,544.000,4,4,35741242,806304,528.0,4,0.506,0.472,0.740,0.772,0.772,0.050,0,5.00,16.46,0
2026-02-22T18:40:55.839542875+01:00,1771782055839,545.000,4,4,35813162,807784,529.0,4,0.526,0.506,0.754,0.813,0.824,0.048,0,5.00,16.46,0
2026-02-22T18:40:56.839550727+01:00,1771782056839,546.000,4,4,35885082,809264,530.0,4,0.484,0.437,0.727,0.738,0.741,0.036,0,4.00,16.46,0
2026-02-22T18:40:57.839542001+01:00,1771782057839,547.000,4,4,35957002,810744,531.0,4,0.495,0.464,0.684,0.743,0.779,0.065,0,5.00,16.46,0
2026-02-22T18:40:58.839543641+01:00,1771782058839,548.000,4,4,36028922,812224,532.0,4,0.520,0.505,0.737,0.775,0.781,0.049,0,4.00,16.46,0
2026-02-22T18:40:59.83954146+01:00,1771782059839,549.000,4,4,36100842,813704,533.0,4,0.507,0.487,0.694,0.705,0.711,0.056,0,5.00,16.46,0
2026-02-22T18:41:00.839550636+01:00,1771782060839,550.000,4,4,36172762,815184,534.0,4,0.487,0.446,0.731,0.741,0.745,0.071,0,4.00,16.46,0
2026-02-22T18:41:01.839541552+01:00,1771782061839,551.000,4,4,36244682,816664,535.0,4,0.505,0.491,0.723,0.729,0.733,0.048,0,5.00,16.46,0
2026-02-22T18:41:02.839541645+01:00,1771782062839,552.000,4,4,36316602,818144,536.0,4,0.485,0.491,0.668,0.687,0.693,0.058,0,4.00,16.46,0
2026-02-22T18:41:03.839543981+01:00,1771782063839,553.000,4,4,36388522,819624,537.0,4,0.534,0.519,0.761,0.791,0.798,0.078,0,3.00,16.46,0
2026-02-22T18:41:04.839544459+01:00,1771782064839,554.000,4,4,36460442,821104,538.0,4,0.491,0.462,0.732,0.769,0.775,0.045,0,4.00,16.46,0
2026-02-22T18:41:05.839541608+01:00,1771782065839,555.000,4,4,36532362,822584,539.0,4,0.507,0.487,0.674,0.771,0.774,0.043,0,5.00,16.46,0
2026-02-22T18:41:06.839541556+01:00,1771782066839,556.000,4,4,36604282,824064,540.0,4,0.517,0.506,0.774,0.798,0.805,0.046,0,4.00,16.46,0
2026-02-22T18:41:07.839542048+01:00,1771782067839,557.000,4,4,36676202,825544,541.0,4,0.489,0.492,0.676,0.686,0.690,0.045,0,5.00,16.46,0
2026-02-22T18:41:08.839541494+01:00,1771782068839,558.000,4,4,36748122,827024,542.0,4,0.516,0.489,0.738,0.771,0.780,0.052,0,5.00,16.46,0
2026-02-22T18:41:09.839542098+01:00,1771782069839,559.000,4,4,36820042,828504,543.0,4,0.523,0.475,0.757,0.781,0.785,0.048,0,4.00,16.46,0
2026-02-22T18:41:10.839541479+01:00,1771782070839,560.000,4,4,36891962,829984,544.0,4,0.537,0.485,0.757,0.779,0.792,0.049,0,4.00,16.46,0
2026-02-22T18:41:11.839542114+01:00,1771782071839,561.000,4,4,36963882,831464,545.0,4,0.524,0.480,0.753,0.780,0.791,0.044,0,4.00,16.46,0
2026-02-22T18:41:12.839552645+01:00,1771782072839,562.000,4,4,37035802,832944,546.0,4,0.528,0.476,0.742,0.919,1.029,0.082,0,4.00,16.46,0
2026-02-22T18:41:13.839541502+01:00,1771782073839,563.000,4,4,37107722,834424,547.0,4,0.503,0.441,0.736,0.774,0.797,0.042,0,5.00,16.46,0
2026-02-22T18:41:14.839543822+01:00,1771782074839,564.000,4,4,37179642,835904,548.0,4,0.576,0.512,0.880,0.884,0.886,0.049,0,4.00,16.46,0
2026-02-22T18:41:15.839543591+01:00,1771782075839,565.000,4,4,37251562,837384,549.0,4,0.582,0.513,0.876,0.903,0.913,0.053,0,4.00,16.46,0
2026-02-22T18:41:16.839543669+01:00,1771782076839,566.000,4,4,37323482,838864,550.0,4,0.554,0.515,0.782,0.870,0.917,0.059,0,4.00,16.46,0
2026-02-22T18:41:17.839541922+01:00,1771782077839,567.000,4,4,37395402,840344,551.0,4,0.548,0.492,0.790,0.810,0.812,0.047,0,4.00,16.46,0
2026-02-22T18:41:18.839541991+01:00,1771782078839,568.000,4,4,37467322,841824,552.0,4,0.550,0.503,0.784,0.786,0.787,0.039,0,4.00,16.46,1
2026-02-22T18:41:19.839541687+01:00,1771782079839,569.000,0,0,0,0,0.0,4,0.542,0.528,0.738,0.746,0.748,0.053,0,0.00,0.00,0
2026-02-22T18:41:20.839540649+01:00,1771782080839,570.000,4,4,37529078,843304,554.7,4,0.000,0.000,0.000,0.000,0.000,0.000,0,1.43,16.46,0
2026-02-22T18:41:22.839540972+01:00,1771782082839,572.000,4,4,37532522,843304,554.7,4,0.000,0.000,0.000,0.000,0.000,0.000,0,0.00,16.46,0
2026-02-22T18:41:23.839541883+01:00,1771782083839,573.000,4,4,37604378,849224,555.6,4,272.222,112.683,876.244,914.727,915.462,107.336,0,2.30,16.46,0
2026-02-22T18:41:24.839541658+01:00,1771782084839,574.000,4,4,37676298,850704,556.6,4,0.449,0.486,0.555,0.608,0.637,0.026,0,2.00,16.46,0
2026-02-22T18:41:25.839541526+01:00,1771782085839,575.000,4,4,37748218,852184,557.6,4,0.432,0.447,0.563,0.600,0.608,0.034,0,3.00,16.46,0
2026-02-22T18:41:26.839541437+01:00,1771782086839,576.000,4,4,37820138,853664,558.6,4,0.445,0.474,0.583,0.596,0.601,0.036,0,2.00,16.46,0
2026-02-22T18:41:27.839541643+01:00,1771782087839,577.000,4,4,37892058,855144,559.6,4,0.464,0.489,0.595,0.623,0.631,0.046,0,2.00,16.46,0
2026-02-22T18:41:28.839541683+01:00,1771782088839,578.000,4,4,37963978,856624,560.6,4,0.458,0.491,0.574,0.618,0.640,0.035,0,2.00,16.46,0
2026-02-22T18:41:29.839543676+01:00,1771782089839,579.000,4,4,38035898,858104,561.6,4,0.458,0.489,0.572,0.620,0.651,0.031,0,3.00,16.46,0
2026-02-22T18:41:30.83954129+01:00,1771782090839,580.000,4,4,38107818,859584,562.6,4,0.439,0.463,0.573,0.603,0.623,0.041,0,2.00,16.46,0
2026-02-22T18:41:31.839543733+01:00,1771782091839,581.000,4,4,38179738,861064,563.6,4,0.428,0.460,0.543,0.564,0.567,0.033,0,3.00,16.46,0
2026-02-22T18:41:32.839541621+01:00,1771782092839,582.000,4,4,38251658,862544,564.6,4,0.456,0.492,0.572,0.617,0.641,0.036,0,1.00,16.46,0
2026-02-22T18:41:33.839542356+01:00,1771782093839,583.000,4,4,38323578,864024,565.6,4,0.451,0.482,0.605,0.606,0.606,0.036,0,2.00,16.46,0
2026-02-22T18:41:34.839541519+01:00,1771782094839,584.000,4,4,38395498,865504,566.6,4,0.467,0.499,0.581,0.596,0.597,0.041,0,3.00,16.46,0
2026-02-22T18:41:35.839541662+01:00,1771782095839,585.000,4,4,38467418,866984,567.6,4,0.434,0.456,0.572,0.597,0.599,0.036,0,2.00,16.46,0
2026-02-22T18:41:36.839541582+01:00,1771782096839,586.000,4,4,38539338,868464,568.6,4,0.461,0.469,0.677,0.709,0.710,0.064,0,2.00,16.46,0
2026-02-22T18:41:37.839541542+01:00,1771782097839,587.000,4,4,38611258,869944,569.6,4,0.519,0.554,0.682,0.689,0.691,0.049,0,2.00,16.46,0
2026-02-22T18:41:38.839541677+01:00,1771782098839,588.000,4,4,38683178,871424,570.6,4,0.456,0.501,0.564,0.598,0.607,0.023,0,2.00,16.46,0
2026-02-22T18:41:39.839541757+01:00,1771782099839,589.000,4,4,38755098,872904,571.6,4,0.435,0.461,0.543,0.590,0.607,0.033,0,2.00,16.46,0
2026-02-22T18:41:40.839541523+01:00,1771782100839,590.000,4,4,38827018,874384,572.6,4,0.429,0.464,0.554,0.584,0.602,0.039,0,2.00,16.46,0
2026-02-22T18:41:41.83954347+01:00,1771782101839,591.000,4,4,38898938,875864,573.6,4,0.438,0.470,0.557,0.571,0.572,0.038,0,3.00,16.46,0
2026-02-22T18:41:42.839541975+01:00,1771782102839,592.000,4,4,38970858,877344,574.6,4,0.396,0.414,0.545,0.557,0.558,0.032,0,2.00,16.46,0
2026-02-22T18:41:43.839541683+01:00,1771782103839,593.000,4,4,39042778,878824,575.6,4,0.432,0.420,0.597,0.627,0.645,0.027,0,2.00,16.46,0
2026-02-22T18:41:44.839552648+01:00,1771782104839,594.000,4,4,39114698,880304,576.6,4,0.435,0.451,0.570,0.589,0.590,0.039,0,3.00,16.46,0
2026-02-22T18:41:45.839541908+01:00,1771782105839,595.000,4,4,39186618,881784,577.6,4,0.445,0.482,0.571,0.592,0.604,0.019,0,2.00,16.46,0
2026-02-22T18:41:46.839541543+01:00,1771782106839,596.000,4,4,39258538,883264,578.6,4,0.430,0.447,0.569,0.586,0.597,0.034,0,3.00,16.46,0
2026-02-22T18:41:47.839543279+01:00,1771782107839,597.000,4,4,39330458,884744,579.6,4,0.400,0.421,0.493,0.522,0.540,0.029,0,2.00,16.46,0
2026-02-22T18:41:48.839544203+01:00,1771782108839,598.000,4,4,39402378,886224,580.6,4,0.444,0.475,0.576,0.608,0.610,0.031,0,2.00,16.46,0
2026-02-22T18:41:49.839541522+01:00,1771782109839,599.000,4,4,39474298,887704,581.6,4,0.464,0.483,0.582,0.606,0.618,0.021,0,2.00,16.46,0
2026-02-22T18:41:50.839542104+01:00,1771782110839,600.000,4,4,39546218,889184,582.6,4,0.463,0.502,0.585,0.603,0.614,0.024,0,2.00,16.46,0
2026-02-22T18:41:51.839541601+01:00,1771782111839,601.000,4,4,39618138,890664,583.6,4,0.470,0.514,0.589,0.615,0.632,0.022,0,2.00,16.46,0
2026-02-22T18:41:52.83954149+01:00,1771782112839,602.000,4,4,39690058,892144,584.6,4,0.452,0.488,0.560,0.567,0.568,0.035,0,3.00,16.46,0
2026-02-22T18:41:53.839541378+01:00,1771782113839,603.000,4,4,39761978,893624,585.6,4,0.453,0.477,0.578,0.597,0.604,0.034,0,2.00,16.46,1
2026-02-22T18:41:54.839541471+01:00,1771782114839,604.000,4,4,39817488,895104,586.6,4,0.417,0.440,0.514,0.549,0.559,0.039,0,1.00,16.46,0
2026-02-22T18:41:55.839541707+01:00,1771782115839,605.000,0,0,0,0,0.0,4,0.000,0.000,0.000,0.000,0.000,0.000,0,0.00,0.00,0
2026-02-22T18:41:56.839540792+01:00,1771782116839,606.000,4,4,39888736,901172,589.2,4,329.789,227.020,960.277,979.032,979.684,122.117,0,1.00,16.46,0
2026-02-22T18:41:58.83954096+01:00,1771782118839,608.000,4,4,39893328,901172,589.3,4,0.000,0.000,0.000,0.000,0.000,0.000,0,0.00,16.46,0
2026-02-22T18:41:59.839542646+01:00,1771782119839,609.000,4,4,39953464,902504,590.1,4,0.541,0.563,0.652,0.663,0.664,0.053,0,1.26,16.46,0
2026-02-22T18:42:00.839543854+01:00,1771782120839,610.000,4,4,40025384,903984,591.1,4,0.560,0.578,0.658,0.660,0.661,0.042,0,1.00,16.46,0
2026-02-22T18:42:01.839541562+01:00,1771782121839,611.000,4,4,40097304,905464,592.1,4,0.543,0.570,0.653,0.661,0.664,0.066,0,2.00,16.46,0
2026-02-22T18:42:02.839541546+01:00,1771782122839,612.000,4,4,40169224,906944,593.1,4,0.554,0.577,0.661,0.668,0.669,0.046,0,4.00,16.46,0
2026-02-22T18:42:03.839542009+01:00,1771782123839,613.000,4,4,40241144,908424,594.1,4,0.549,0.571,0.646,0.662,0.667,0.053,0,3.00,16.46,0
2026-02-22T18:42:04.839543639+01:00,1771782124839,614.000,4,4,40313064,909904,595.1,4,0.545,0.554,0.626,0.637,0.639,0.045,0,2.00,16.46,0
2026-02-22T18:42:05.839541612+01:00,1771782125839,615.000,4,4,40384984,911384,596.1,4,0.543,0.553,0.657,0.709,0.727,0.051,0,1.00,16.46,0
2026-02-22T18:42:06.839541904+01:00,1771782126839,616.000,4,4,40456904,912864,597.1,4,0.562,0.596,0.667,0.669,0.669,0.053,0,4.00,16.46,0
2026-02-22T18:42:07.83954164+01:00,1771782127839,617.000,4,4,40528824,914344,598.1,4,0.545,0.583,0.651,0.666,0.667,0.069,0,3.00,16.46,0
2026-02-22T18:42:08.839544115+01:00,1771782128839,618.000,4,4,40600744,915824,599.1,4,0.551,0.593,0.653,0.673,0.685,0.052,0,3.00,16.46,0
2026-02-22T18:42:09.839549896+01:00,1771782129839,619.000,4,4,40672664,917304,600.1,4,0.568,0.583,0.667,0.868,0.987,0.072,0,3.00,16.46,0
2026-02-22T18:42:10.839542701+01:00,1771782130839,620.000,4,4,40744584,918784,601.1,4,0.541,0.565,0.647,0.676,0.689,0.034,0,3.00,16.46,0
2026-02-22T18:42:11.839544023+01:00,1771782131839,621.000,4,4,40816504,920264,602.1,4,0.552,0.589,0.638,0.641,0.641,0.050,0,3.00,16.46,0
2026-02-22T18:42:12.839542022+01:00,1771782132839,622.000,4,4,40888424,921744,603.1,4,0.568,0.592,0.660,0.661,0.662,0.047,0,3.00,16.46,0
2026-02-22T18:42:13.839541865+01:00,1771782133839,623.000,4,4,40960344,923224,604.1,4,0.554,0.594,0.651,0.670,0.681,0.045,0,2.00,16.46,0
2026-02-22T18:42:14.839543295+01:00,1771782134839,624.000,4,4,41032264,924704,605.1,4,0.555,0.587,0.662,0.670,0.673,0.038,0,2.00,16.46,0
2026-02-22T18:42:15.83954406+01:00,1771782135839,625.000,4,4,41104184,926184,606.1,4,0.558,0.612,0.660,0.668,0.670,0.043,0,2.00,16.46,0
2026-02-22T18:42:16.839542778+01:00,1771782136839,626.000,4,4,41176104,927664,607.1,4,0.551,0.578,0.670,0.684,0.687,0.049,0,2.00,16.46,0
2026-02-22T18:42:17.839543317+01:00,1771782137839,627.000,4,4,41248024,929144,608.1,4,0.552,0.534,0.655,0.665,0.665,0.044,0,3.00,16.46,0
2026-02-22T18:42:18.839543407+01:00,1771782138839,628.000,4,4,41319944,930624,609.1,4,0.561,0.600,0.662,0.663,0.664,0.051,0,3.00,16.46,0
2026-02-22T18:42:19.839541482+01:00,1771782139839,629.000,4,4,41391864,932104,610.1,4,0.551,0.570,0.654,0.663,0.663,0.039,0,2.00,16.46,0
2026-02-22T18:42:20.83954188+01:00,1771782140839,630.000,4,4,41463784,933584,611.1,4,0.540,0.554,0.635,0.674,0.692,0.054,0,4.00,16.46,0
2026-02-22T18:42:21.839541953+01:00,1771782141839,631.000,4,4,41535704,935064,612.1,4,0.547,0.557,0.649,0.661,0.661,0.063,0,3.00,16.46,0
2026-02-22T18:42:22.83954426+01:00,1771782142839,632.000,4,4,41607624,936544,613.1,4,0.548,0.564,0.643,0.656,0.657,0.042,0,2.00,16.46,0
2026-02-22T18:42:23.839543986+01:00,1771782143839,633.000,4,4,41679544,938024,614.1,4,0.558,0.590,0.642,0.660,0.660,0.044,0,3.00,16.46,0
2026-02-22T18:42:24.839551797+01:00,1771782144839,634.000,4,4,41751464,939504,615.1,4,0.541,0.573,0.654,0.669,0.674,0.040,0,2.00,16.46,0
2026-02-22T18:42:25.839541545+01:00,1771782145839,635.000,4,4,41823384,940984,616.1,4,0.531,0.525,0.646,0.661,0.666,0.078,0,2.00,16.46,0
2026-02-22T18:42:26.839543397+01:00,1771782146839,636.000,4,4,41895304,942464,617.1,4,0.543,0.568,0.648,0.653,0.655,0.056,0,3.00,16.46,0
2026-02-22T18:42:27.839544038+01:00,1771782147839,637.000,4,4,41967224,943944,618.1,4,0.549,0.575,0.647,0.652,0.654,0.046,0,3.00,16.46,0
2026-02-22T18:42:28.839543728+01:00,1771782148839,638.000,4,4,42039144,945424,619.1,4,0.535,0.574,0.631,0.639,0.643,0.067,0,2.00,16.46,1
2026-02-22T18:42:29.839543613+01:00,1771782149839,639.000,4,4,42111064,946904,620.1,4,0.517,0.558,0.636,0.666,0.682,0.068,0,3.00,16.46,0
2026-02-22T18:42:30.83954141+01:00,1771782150839,640.000,0,0,0,0,0.0,4,0.000,0.000,0.000,0.000,0.000,0.000,0,0.00,0.00,0
2026-02-22T18:42:31.839540921+01:00,1771782151839,641.000,4,4,42192576,952972,622.9,4,433.575,429.319,956.165,970.456,971.224,163.235,0,3.00,16.46,0
2026-02-22T18:42:33.839540748+01:00,1771782153839,643.000,4,4,42197168,952972,622.9,4,0.414,0.440,0.441,0.442,0.442,0.058,0,0.00,16.46,0
2026-02-22T18:42:34.839541477+01:00,1771782154839,644.000,4,4,42257304,954304,623.8,4,0.369,0.371,0.416,0.476,0.502,0.034,0,2.55,16.46,0
2026-02-22T18:42:35.839541489+01:00,1771782155839,645.000,4,4,42329224,955784,624.8,4,0.372,0.367,0.441,0.576,0.644,0.050,0,2.00,16.46,0
2026-02-22T18:42:36.83954203+01:00,1771782156839,646.000,4,4,42401144,957264,625.8,4,0.385,0.391,0.449,0.462,0.469,0.029,0,1.00,16.46,0
2026-02-22T18:42:37.839541518+01:00,1771782157839,647.000,4,4,42473064,958744,626.8,4,0.372,0.361,0.442,0.557,0.621,0.038,0,1.00,16.46,0
2026-02-22T18:42:38.839544679+01:00,1771782158839,648.000,4,4,42544984,960224,627.8,4,0.367,0.372,0.422,0.442,0.446,0.035,0,3.00,16.46,0
2026-02-22T18:42:39.839552354+01:00,1771782159839,649.000,4,4,42616904,961704,628.8,4,0.353,0.368,0.424,0.437,0.439,0.026,0,2.00,16.46,0
2026-02-22T18:42:40.839541512+01:00,1771782160839,650.000,4,4,42688824,963184,629.8,4,0.333,0.329,0.405,0.416,0.420,0.026,0,2.00,16.46,0
2026-02-22T18:42:41.839541521+01:00,1771782161839,651.000,4,4,42760744,964664,630.8,4,0.357,0.360,0.431,0.437,0.440,0.024,0,1.00,16.46,0
2026-02-22T18:42:42.839542486+01:00,1771782162839,652.000,4,4,42832664,966144,631.8,4,0.338,0.347,0.407,0.433,0.441,0.037,0,2.00,16.46,0
2026-02-22T18:42:43.839543762+01:00,1771782163839,653.000,4,4,42904584,967624,632.8,4,0.339,0.334,0.439,0.445,0.447,0.035,0,2.00,16.46,0
2026-02-22T18:42:44.83954206+01:00,1771782164839,654.000,4,4,42976504,969104,633.8,4,0.349,0.353,0.433,0.479,0.483,0.035,0,2.00,16.46,0
2026-02-22T18:42:45.839541614+01:00,1771782165839,655.000,4,4,43048424,970584,634.8,4,0.355,0.355,0.428,0.440,0.447,0.026,0,2.00,16.46,0
2026-02-22T18:42:46.839541478+01:00,1771782166839,656.000,4,4,43120344,972064,635.8,4,0.348,0.357,0.430,0.448,0.449,0.030,0,1.00,16.46,0
2026-02-22T18:42:47.839541726+01:00,1771782167839,657.000,4,4,43192264,973544,636.8,4,0.373,0.376,0.434,0.437,0.438,0.027,0,2.00,16.46,0
2026-02-22T18:42:48.839541577+01:00,1771782168839,658.000,4,4,43264184,975024,637.8,4,0.348,0.351,0.435,0.453,0.459,0.032,0,2.00,16.46,0
2026-02-22T18:42:49.839550061+01:00,1771782169839,659.000,4,4,43336104,976504,638.8,4,0.367,0.374,0.427,0.505,0.547,0.033,0,1.00,16.46,0
2026-02-22T18:42:50.839543618+01:00,1771782170839,660.000,4,4,43408024,977984,639.8,4,0.379,0.376,0.438,0.470,0.486,0.030,0,2.00,16.46,0
2026-02-22T18:42:51.839541773+01:00,1771782171839,661.000,4,4,43479944,979464,640.8,4,0.359,0.373,0.438,0.447,0.448,0.023,0,2.00,16.46,0
2026-02-22T18:42:52.839541697+01:00,1771782172839,662.000,4,4,43551864,980944,641.8,4,0.373,0.378,0.438,0.447,0.452,0.019,0,2.00,16.46,0
2026-02-22T18:42:53.83954389+01:00,1771782173839,663.000,4,4,43623784,982424,642.8,4,0.377,0.386,0.422,0.426,0.426,0.020,0,2.00,16.46,0
2026-02-22T18:42:54.839541659+01:00,1771782174839,664.000,4,4,43695704,983904,643.8,4,0.375,0.379,0.435,0.447,0.450,0.021,0,1.00,16.46,0
2026-02-22T18:42:55.839542492+01:00,1771782175839,665.000,4,4,43767624,985384,644.8,4,0.365,0.354,0.438,0.477,0.495,0.030,0,2.00,16.46,0
2026-02-22T18:42:56.839541711+01:00,1771782176839,666.000,4,4,43839544,986864,645.8,4,0.367,0.366,0.429,0.461,0.469,0.035,0,2.00,16.46,0
2026-02-22T18:42:57.839541818+01:00,1771782177839,667.000,4,4,43911464,988344,646.8,4,0.346,0.342,0.411,0.412,0.412,0.018,0,2.00,16.46,0
2026-02-22T18:42:58.839541958+01:00,1771782178839,668.000,4,4,43983384,989824,647.8,4,0.377,0.377,0.428,0.462,0.476,0.030,0,2.00,16.46,0
2026-02-22T18:42:59.839550448+01:00,1771782179839,669.000,4,4,44055304,991304,648.8,4,0.364,0.360,0.448,0.458,0.464,0.032,0,2.00,16.46,0
2026-02-22T18:43:00.839543687+01:00,1771782180839,670.000,4,4,44127224,992784,649.8,4,0.372,0.360,0.429,0.490,0.514,0.035,0,1.00,16.46,0
2026-02-22T18:43:01.839542091+01:00,1771782181839,671.000,4,4,44199144,994264,650.8,4,0.387,0.390,0.460,0.483,0.497,0.033,0,1.00,16.46,0
2026-02-22T18:43:02.839545539+01:00,1771782182839,672.000,4,4,44271064,995744,651.8,4,0.360,0.371,0.432,0.451,0.460,0.025,0,1.00,16.46,0
2026-02-22T18:43:03.839541612+01:00,1771782183839,673.000,4,4,44342984,997224,652.8,4,0.357,0.372,0.414,0.434,0.436,0.033,0,2.00,16.46,1
2026-02-22T18:43:04.839541709+01:00,1771782184839,674.000,4,4,44414904,998704,653.8,4,0.369,0.368,0.447,0.463,0.470,0.030,0,3.00,16.46,0
2026-02-22T18:43:05.839541546+01:00,1771782185839,675.000,0,0,0,0,0.0,4,0.369,0.357,0.457,0.459,0.460,0.032,0,0.00,0.00,0
2026-02-22T18:43:06.83954082+01:00,1771782186839,676.000,4,4,44453126,1000036,656.3,4,0.000,0.000,0.000,0.000,0.000,0.000,0,3.00,16.46,0
2026-02-22T18:43:08.839540636+01:00,1771782188839,678.000,4,4,44457718,1000036,656.3,4,0.000,0.000,0.000,0.000,0.000,0.000,0,18.57,16.46,0
2026-02-22T18:43:09.839541709+01:00,1771782189839,679.000,4,4,44531600,1006104,657.2,4,271.791,69.060,888.504,969.922,970.891,102.280,0,2.58,16.46,0
2026-02-22T18:43:10.839546639+01:00,1771782190839,680.000,4,4,44604094,1007584,658.2,4,0.536,0.551,0.644,0.659,0.669,0.037,0,3.00,16.46,0
2026-02-22T18:43:11.839541663+01:00,1771782191839,681.000,4,4,44675440,1009064,659.2,4,0.524,0.505,0.634,0.653,0.655,0.033,0,2.00,16.46,0
2026-02-22T18:43:12.839544347+01:00,1771782192839,682.000,4,4,44747360,1010544,660.2,4,0.564,0.552,0.688,0.698,0.701,0.037,0,3.00,16.46,0
2026-02-22T18:43:13.839541659+01:00,1771782193839,683.000,4,4,44819280,1012024,661.2,4,0.554,0.546,0.672,0.691,0.701,0.047,0,4.00,16.46,0
2026-02-22T18:43:14.83954156+01:00,1771782194839,684.000,4,4,44891200,1013504,662.2,4,0.548,0.549,0.644,0.651,0.652,0.033,0,3.00,16.46,0
2026-02-22T18:43:15.839542262+01:00,1771782195839,685.000,4,4,44963120,1014984,663.2,4,0.550,0.537,0.681,0.694,0.694,0.027,0,3.00,16.46,0
2026-02-22T18:43:16.839548085+01:00,1771782196839,686.000,4,4,45035040,1016464,664.2,4,0.550,0.553,0.666,0.689,0.697,0.030,0,2.00,16.46,0
2026-02-22T18:43:17.839541738+01:00,1771782197839,687.000,4,4,45106960,1017944,665.2,4,0.557,0.541,0.685,0.727,0.733,0.032,0,2.00,16.46,0
2026-02-22T18:43:18.839542362+01:00,1771782198839,688.000,4,4,45178880,1019424,666.2,4,0.569,0.553,0.688,0.727,0.731,0.039,0,4.00,16.46,0
2026-02-22T18:43:19.839541571+01:00,1771782199839,689.000,4,4,45250800,1020904,667.2,4,0.553,0.575,0.637,0.661,0.668,0.045,0,4.00,16.46,0
2026-02-22T18:43:20.839541528+01:00,1771782200839,690.000,4,4,45322720,1022384,668.2,4,0.559,0.567,0.676,0.759,0.805,0.036,0,3.00,16.46,0
2026-02-22T18:43:21.839541478+01:00,1771782201839,691.000,4,4,45394640,1023864,669.2,4,0.545,0.546,0.679,0.702,0.703,0.043,0,3.00,16.46,0
2026-02-22T18:43:22.839541672+01:00,1771782202839,692.000,4,4,45466560,1025344,670.2,4,0.547,0.552,0.615,0.620,0.622,0.025,0,1.00,16.46,0
2026-02-22T18:43:23.839542176+01:00,1771782203839,693.000,4,4,45538480,1026824,671.2,4,0.576,0.580,0.661,0.716,0.717,0.023,0,5.00,16.46,0
2026-02-22T18:43:24.839541726+01:00,1771782204839,694.000,4,4,45610400,1028304,672.2,4,0.564,0.586,0.698,0.709,0.715,0.032,0,4.00,16.46,0
2026-02-22T18:43:25.839542065+01:00,1771782205839,695.000,4,4,45682320,1029784,673.2,4,0.573,0.588,0.711,0.722,0.723,0.039,0,3.00,16.46,0
2026-02-22T18:43:26.839541665+01:00,1771782206839,696.000,4,4,45754240,1031264,674.2,4,0.575,0.573,0.690,0.719,0.733,0.031,0,3.00,16.46,0
2026-02-22T18:43:27.839541623+01:00,1771782207839,697.000,4,4,45826160,1032744,675.2,4,0.580,0.572,0.705,0.715,0.721,0.032,0,2.00,16.46,0
2026-02-22T18:43:28.839541477+01:00,1771782208839,698.000,4,4,45898654,1034224,676.2,4,0.579,0.583,0.703,0.746,0.753,0.041,0,3.00,16.46,0
2026-02-22T18:43:29.839541521+01:00,1771782209839,699.000,4,4,45970000,1035704,677.2,4,0.578,0.571,0.707,0.729,0.736,0.028,0,2.00,16.46,0
2026-02-22T18:43:30.839541736+01:00,1771782210839,700.000,4,4,46041920,1037184,678.2,4,0.571,0.577,0.698,0.730,0.744,0.030,0,1.00,16.46,0
2026-02-22T18:43:31.839543311+01:00,1771782211839,701.000,4,4,46113840,1038664,679.2,4,0.569,0.567,0.687,0.708,0.719,0.041,0,3.00,16.46,0
2026-02-22T18:43:32.83954998+01:00,1771782212839,702.000,4,4,46185760,1040144,680.2,4,0.581,0.579,0.695,0.709,0.710,0.020,0,2.00,16.46,0
2026-02-22T18:43:33.839543518+01:00,1771782213839,703.000,4,4,46257680,1041624,681.2,4,0.574,0.569,0.697,1.094,1.345,0.054,0,3.00,16.46,0
2026-02-22T18:43:34.839541668+01:00,1771782214839,704.000,4,4,46329600,1043104,682.2,4,0.591,0.573,0.712,0.741,0.747,0.056,0,1.00,16.46,0
2026-02-22T18:43:35.839541523+01:00,1771782215839,705.000,4,4,46401520,1044584,683.2,4,0.563,0.595,0.698,0.717,0.719,0.040,0,1.00,16.46,0
2026-02-22T18:43:36.839541738+01:00,1771782216839,706.000,4,4,46473440,1046064,684.2,4,0.576,0.589,0.706,0.753,0.779,0.040,0,4.00,16.46,0
2026-02-22T18:43:37.839541976+01:00,1771782217839,707.000,4,4,46545360,1047544,685.2,4,0.551,0.557,0.678,0.717,0.721,0.034,0,2.00,16.46,0
2026-02-22T18:43:38.839551727+01:00,1771782218839,708.000,4,4,46617280,1049024,686.2,4,0.564,0.575,0.676,0.721,0.731,0.031,0,3.00,16.46,0
2026-02-22T18:43:39.839544039+01:00,1771782219839,709.000,4,4,46689200,1050504,687.2,4,0.585,0.579,0.698,0.737,0.743,0.061,0,2.00,16.46,1
2026-02-22T18:43:40.839542661+01:00,1771782220839,710.000,4,4,46744710,1051984,688.2,4,0.532,0.552,0.645,0.653,0.654,0.051,0,3.00,16.46,0
2026-02-22T18:43:41.839550563+01:00,1771782221839,711.000,0,0,0,0,0.0,4,0.000,0.000,0.000,0.000,0.000,0.000,0,0.00,0.00,0
2026-02-22T18:43:42.839540873+01:00,1771782222839,712.000,4,4,46826332,1057941,690.8,4,359.100,288.239,985.633,990.014,991.055,131.730,0,3.00,16.46,0
2026-02-22T18:43:44.839541004+01:00,1771782224839,714.000,4,4,46829430,1058052,690.8,4,0.000,0.000,0.000,0.000,0.000,0.000,0,0.00,16.46,0
2026-02-22T18:43:45.839544567+01:00,1771782225839,715.000,4,4,46891862,1059384,691.7,4,0.426,0.415,0.536,0.624,0.668,0.045,0,1.24,16.46,0
2026-02-22T18:43:46.839542164+01:00,1771782226839,716.000,4,4,46963782,1060864,692.7,4,0.339,0.332,0.445,0.467,0.469,0.035,0,2.00,16.46,0
2026-02-22T18:43:47.839541582+01:00,1771782227839,717.000,4,4,47035702,1062344,693.7,4,0.339,0.346,0.434,0.436,0.436,0.035,0,2.00,16.46,0
2026-02-22T18:43:48.839541629+01:00,1771782228839,718.000,4,4,47107622,1063824,694.7,4,0.328,0.348,0.406,0.427,0.439,0.029,0,2.00,16.46,0
2026-02-22T18:43:49.839541539+01:00,1771782229839,719.000,4,4,47179542,1065304,695.7,4,0.331,0.314,0.417,0.425,0.426,0.027,0,1.00,16.46,0
2026-02-22T18:43:50.839541605+01:00,1771782230839,720.000,4,4,47251462,1066784,696.7,4,0.321,0.307,0.416,0.432,0.437,0.034,0,2.00,16.46,0
2026-02-22T18:43:51.839541596+01:00,1771782231839,721.000,4,4,47323382,1068264,697.7,4,0.339,0.343,0.389,0.414,0.416,0.027,0,1.00,16.46,0
2026-02-22T18:43:52.839541578+01:00,1771782232839,722.000,4,4,47395302,1069744,698.7,4,0.321,0.305,0.423,0.448,0.455,0.029,0,2.00,16.46,0
2026-02-22T18:43:53.839541843+01:00,1771782233839,723.000,4,4,47467222,1071224,699.7,4,0.333,0.332,0.417,0.432,0.440,0.026,0,1.00,16.46,0
2026-02-22T18:43:54.839541735+01:00,1771782234839,724.000,4,4,47539142,1072704,700.7,4,0.334,0.335,0.403,0.414,0.420,0.025,0,2.00,16.46,0
2026-02-22T18:43:55.839541828+01:00,1771782235839,725.000,4,4,47611062,1074184,701.7,4,0.319,0.304,0.403,0.423,0.436,0.033,0,2.00,16.46,0
2026-02-22T18:43:56.839543241+01:00,1771782236839,726.000,4,4,47682982,1075664,702.7,4,0.348,0.356,0.421,0.426,0.429,0.025,0,1.00,16.46,0
2026-02-22T18:43:57.839541492+01:00,1771782237839,727.000,4,4,47754902,1077144,703.7,4,0.317,0.306,0.389,0.418,0.436,0.030,0,2.00,16.46,0
2026-02-22T18:43:58.839541824+01:00,1771782238839,728.000,4,4,47826822,1078624,704.7,4,0.330,0.309,0.417,0.420,0.420,0.028,0,2.00,16.46,0
2026-02-22T18:43:59.839544676+01:00,1771782239839,729.000,4,4,47898742,1080104,705.7,4,0.329,0.327,0.416,0.417,0.417,0.022,0,1.00,16.46,0
2026-02-22T18:44:00.839541649+01:00,1771782240839,730.000,4,4,47970662,1081584,706.7,4,0.324,0.307,0.414,0.428,0.431,0.025,0,2.00,16.46,0
2026-02-22T18:44:01.839552533+01:00,1771782241839,731.000,4,4,48042582,1083064,707.7,4,0.342,0.344,0.427,0.433,0.434,0.031,0,3.00,16.46,0
2026-02-22T18:44:02.839544397+01:00,1771782242839,732.000,4,4,48114502,1084544,708.7,4,0.351,0.341,0.436,0.729,0.898,0.066,0,2.00,16.46,0
2026-02-22T18:44:03.839541654+01:00,1771782243839,733.000,4,4,48186422,1086024,709.7,4,0.332,0.344,0.406,0.423,0.429,0.025,0,2.00,16.46,0
2026-02-22T18:44:04.839542065+01:00,1771782244839,734.000,4,4,48258342,1087504,710.7,4,0.333,0.346,0.411,0.421,0.422,0.025,0,2.00,16.46,0
2026-02-22T18:44:05.839543485+01:00,1771782245839,735.000,4,4,48330262,1088984,711.7,4,0.324,0.324,0.402,0.417,0.423,0.019,0,2.00,16.46,0
2026-02-22T18:44:06.839544966+01:00,1771782246839,736.000,4,4,48402182,1090464,712.7,4,0.342,0.344,0.396,0.439,0.462,0.037,0,2.00,16.46,0
2026-02-22T18:44:07.839543618+01:00,1771782247839,737.000,4,4,48474102,1091944,713.7,4,0.340,0.347,0.412,0.429,0.440,0.029,0,2.00,16.46,0
2026-02-22T18:44:08.839543484+01:00,1771782248839,738.000,4,4,48546022,1093424,714.7,4,0.298,0.295,0.345,0.366,0.375,0.022,0,2.00,16.46,0
2026-02-22T18:44:09.839541707+01:00,1771782249839,739.000,4,4,48617942,1094904,715.7,4,0.312,0.324,0.383,0.412,0.420,0.030,0,0.00,16.46,0
2026-02-22T18:44:10.839541846+01:00,1771782250839,740.000,4,4,48689862,1096384,716.7,4,0.319,0.312,0.390,0.409,0.419,0.024,0,2.00,16.46,0
2026-02-22T18:44:11.839541633+01:00,1771782251839,741.000,4,4,48761782,1097864,717.7,4,0.346,0.347,0.417,0.429,0.434,0.032,0,1.00,16.46,0
2026-02-22T18:44:12.83954204+01:00,1771782252839,742.000,4,4,48833702,1099344,718.7,4,0.330,0.348,0.402,0.433,0.441,0.029,0,1.00,16.46,0
2026-02-22T18:44:13.839543265+01:00,1771782253839,743.000,4,4,48905622,1100824,719.7,4,0.341,0.345,0.393,0.404,0.409,0.025,0,3.00,16.46,0
